Date,Open,High,Low,Close,Volume
2017-09-13,70.8421,70.8421,70.6179,70.8421,1430.7456197449
2017-09-15,70.5891,70.5891,70.5891,70.5891,0
2017-09-18,70.8484,70.8484,70.8484,70.8484,0
2017-09-19,70.8484,70.8484,70.8484,70.8484,0
2017-09-20,70.0181,70.0181,70.0181,70.0181,0
2017-09-21,70.1953,70.1953,70.1953,70.1953,0
2017-09-22,70.6842,70.6842,70.6842,70.6842,0
2017-09-25,70.1284,70.1284,70.1284,70.1284,0
2017-09-26,69.4984,69.4984,69.4984,69.4984,0
2017-09-27,69.7211,69.7211,69.7211,69.7211,0
2017-09-28,69.8836,69.8836,69.8836,69.8836,0
2017-09-29,69.9072,69.9072,69.9072,69.9072,0
2017-10-02,70.6313,70.6313,70.6313,70.6313,0
2017-10-03,71.0356,71.0356,71.0356,71.0356,0
2017-10-04,70.4692,70.4692,70.4692,70.4692,0
2017-10-05,70.8421,70.8421,70.8421,70.8421,0
2017-10-06,71.4987,71.4987,71.4987,71.4987,0
2017-10-09,72.4898,72.4898,72.4898,72.4898,0
2017-10-10,72.4898,72.4898,72.4898,72.4898,0
2017-10-11,76.2899,76.2899,76.2899,76.2899,0
2017-10-12,76.6747,76.6747,76.6747,76.6747,0
2017-10-13,76.2247,76.2247,76.2247,76.2247,0
2017-10-16,76.469,76.469,76.469,76.469,0
2017-10-17,76.6709,76.6709,76.6709,76.6709,0
2017-10-18,76.8733,76.8733,76.8733,76.8733,0
2017-10-19,76.542,76.542,76.542,76.542,0
2017-10-20,75.8862,77.3364,75.8862,77.1193,3725.7374244488
2017-10-23,76.9283,76.9283,76.9283,76.9283,0
2017-10-24,77.384,77.384,77.384,77.384,0
2017-10-25,77.2903,77.2903,77.2903,77.2903,0
2017-10-26,79.142,79.142,79.142,79.142,0
2017-10-27,77.6519,77.6519,77.6519,77.6519,0
2017-10-30,78.6922,78.6922,78.6922,78.6922,0
2017-10-31,79.5268,79.5268,79.5268,79.5268,0
2017-11-01,80.6981,80.6981,80.6981,80.6981,0
2017-11-02,82.6729,82.6729,82.6729,82.6729,0
2017-11-03,82.7298,82.7298,82.7298,82.7298,0
2017-11-06,81.6813,81.6813,81.6813,81.6813,0
2017-11-07,79.8251,79.8251,79.8251,79.8251,0
2017-11-08,79.3482,79.3482,79.3482,79.3482,0
2017-11-09,78.4644,78.4644,78.4644,78.4644,0
2017-11-10,78.4644,78.4644,78.4644,78.4644,0
2017-11-13,78.0673,78.0673,78.0673,78.0673,0
2017-11-14,78.1326,80.4819,78.1326,79.8338,1316.9996702407
2017-11-15,80.0381,80.1137,78.4644,80.1137,1981.6328653833
2017-11-16,79.1947,79.1947,79.1947,79.1947,0
2017-11-17,77.5676,78.6967,76.2225,78.6967,1122.9624622628
2017-11-20,77.3553,77.3553,77.3553,77.3553,0
2017-11-21,77.3553,77.3553,77.3553,77.3553,0
2017-11-22,77.3553,77.3553,77.3553,77.3553,0
2017-11-23,77.3553,77.3553,77.3553,77.3553,0
2017-11-24,77.3553,77.3553,77.3553,77.3553,0
2017-11-27,79.4777,79.4777,77.5696,77.5696,7197.2191970646
2017-11-28,77.8995,77.8995,77.7918,77.7918,1195.4476261626
2017-11-29,78.4644,78.4644,78.0089,78.0089,1068.319800246
2017-11-30,78.2446,78.2446,78.0089,78.0089,118.20657497503
2017-12-01,78.4644,78.4644,77.7354,77.7354,10234.905142649
2017-12-04,78.5764,78.5764,78.248,78.248,1745.2197154332
2017-12-05,78.4644,78.4644,77.1193,77.1193,657.94225693649
2017-12-06,77.8995,77.9448,77.8995,77.9448,3552.888187457
2017-12-07,77.3479,77.582,77.3479,77.582,2886.024679579
2017-12-08,77.8995,79.5054,77.8995,79.5054,1067.2046438783
2017-12-11,80.0381,80.0381,80.0262,80.0262,555.3478711091
2017-12-12,80.4865,80.6988,80.4865,80.6988,61.333600222893
2017-12-13,80.3698,80.9202,80.3698,80.9202,5182.1316406506
2017-12-14,80.2578,80.3312,80.2578,80.3312,4113.8118404046
2017-12-15,80.7107,80.7107,80.6619,80.6619,5150.9072623553
2017-12-18,80.0381,80.5397,80.0381,80.5397,3510.5122454849
2017-12-19,80.1458,80.9076,80.1458,80.9076,3865.13197041
2017-12-20,80.4865,80.9303,80.4865,80.9303,1369.412019522
2017-12-21,80.7107,80.7107,80.2578,80.2578,439.37160886945
2017-12-22,80.1458,80.1458,79.8095,79.8095,223.03127353779
2017-12-27,80.2578,80.2578,79.8095,79.8095,219.68580443473
2017-12-28,79.5923,79.5923,79.5923,79.5923,0
2017-12-29,80.0381,80.2578,80.0381,80.2578,138.27938959343
2018-01-02,79.9439,83.5308,79.9439,83.5308,3516.0880273233
2018-01-03,83.3516,84.1138,83.3516,84.1138,111784.38945351
2018-01-04,85.3243,85.3243,85.3243,85.3243,0
2018-01-05,85.683,85.8624,85.683,85.8624,53.52750564907
2018-01-08,86.3107,86.3107,85.6383,85.6383,501.82036546003
2018-01-09,85.9969,85.9969,85.6383,85.6383,473.94145626781
2018-01-10,86.3107,86.3107,86.3107,86.3107,0
2018-01-11,86.2659,86.2659,85.2794,85.2794,961.26478894789
2018-01-12,85.3243,85.3243,85.2794,85.2794,704.77882437943
2018-01-15,85.683,85.683,82.5445,82.5445,446.06254707559
2018-01-16,84.3379,84.3379,84.3379,84.3379,0
2018-01-17,84.5621,84.5621,83.5757,83.5757,1204.3688771041
2018-01-18,84.3379,84.3379,83.2619,83.2619,189.57658250712
2018-01-19,84.1586,84.1586,84.1586,84.1586,0
2018-01-22,84.7863,84.7863,83.1273,83.1273,937.84650522642
2018-01-23,84.9656,84.9656,83.217,83.217,7910.9192723855
2018-01-24,83.8896,85.5037,83.8896,85.5037,7364.4926522179
2018-01-25,86.1762,86.1762,85.1451,85.1451,1372.7574886251
2018-01-26,85.6383,85.8175,85.6383,85.8175,17.842501883023
2018-01-29,85.8624,85.8624,84.3828,84.3828,768.3427373377
2018-01-30,85.5037,85.5037,82.9929,82.9929,4495.1953181542
2018-01-31,82.9032,83.5757,82.9032,83.5757,3039.9162583201
2018-02-01,84.3379,84.3379,83.6205,83.6205,65.794225693649
2018-02-02,82.9481,84.5173,82.9481,84.5173,1651.5465805474
2018-02-05,83.9344,83.9344,82.9929,82.9929,783.95492648534
2018-02-07,79.1368,79.1368,78.6437,78.6437,8836.4990575674
2018-02-08,78.6437,78.6437,77.1641,77.1641,4506.3468818311
2018-02-09,75.1016,76.4018,75.1016,76.4018,1853.3898830991
2018-02-12,76.8502,77.1641,76.8502,77.1641,634.52397321502
2018-02-13,78.2402,78.2402,77.5676,77.5676,78.060945738228
2018-02-14,78.2402,78.2402,76.9399,76.9399,858.6704031205
2018-02-15,77.3882,79.0023,77.3882,79.0023,3810.4893083932
2018-02-16,79.2265,79.2265,78.2849,78.2849,80.291258473605
2018-02-19,79.1817,80.3027,79.1817,80.3027,1211.0598153102
2018-02-20,80.8407,80.8407,80.3475,80.3475,1558.9886020292
2018-02-21,79.4956,81.6926,79.4956,81.6926,2350.7496230883
2018-02-22,81.603,82.5445,81.603,82.5445,104.82469856276
2018-02-23,82.9481,82.9481,82.7238,82.7238,1120.7321495274
2018-02-26,84.0689,84.0689,82.5893,82.5893,3936.501977942
2018-02-27,82.6789,82.6789,82.2306,82.2306,1861.1959776729
2018-02-28,81.9168,81.9168,81.4235,81.4235,2135.5244441244
2018-03-02,80.5716,80.5716,79.63,79.63,1157.5323096611
2018-03-05,78.1505,78.3298,78.1505,78.3298,83.636727576672
2018-03-06,79.5852,79.9439,79.5852,79.9439,2549.247456537
2018-03-07,78.8679,80.0336,78.8679,80.0336,1600.2493876337
2018-03-08,81.3787,81.3787,81.3787,81.3787,0
2018-03-09,81.5132,81.5132,81.1994,81.1994,650.13616236267
2018-03-12,81.0649,81.6926,81.0649,81.6926,922.23431607877
2018-03-13,81.827,81.827,81.7822,81.7822,3756.9618027441
2018-03-14,81.5132,81.9616,81.5132,81.9616,2189.0519497734
2018-03-15,82.1858,82.1858,82.1858,82.1858,0
2018-03-16,82.2754,82.2754,81.9616,81.9616,631.17850411195
2018-03-19,82.2754,82.2754,81.7822,81.7822,2825.8062357238
2018-03-20,81.4684,81.603,81.4684,81.603,1737.4136208594
2018-03-21,81.4684,81.4684,81.4684,81.4684,2744.3998208825
2018-03-22,81.603,81.603,78.8679,78.8679,9305.9798883644
2018-03-23,80.3027,80.3027,77.9711,77.9711,6332.9730121056
2018-03-26,77.8814,77.8814,77.8814,77.8814,657.94225693649
2018-03-27,77.0295,77.0295,77.0295,77.0295,0
2018-03-28,77.3434,77.3434,76.1777,76.1777,7255.2073281844
2018-03-29,76.1777,76.1777,76.1777,76.1777,0
2018-04-03,76.7157,76.7157,76.5812,76.5812,5575.7818384448
2018-04-04,77.5676,77.5676,75.2361,75.2361,4428.2859360929
2018-04-05,73.7116,76.4018,73.7116,76.4018,46.836567442937
2018-04-06,76.3122,76.3122,74.16,74.16,4896.6516105222
2018-04-09,75.2361,75.2361,75.1464,75.1464,6601.7256967187
2018-04-10,75.5948,75.5948,74.6981,74.6981,3013.1525054956
2018-04-12,75.1912,75.1912,75.1912,75.1912,0
2018-04-13,74.5635,74.6532,74.5635,74.6532,1938.1417670434
2018-04-16,75.2809,76.4915,75.2809,76.4915,3178.1956479135
2018-04-17,75.7293,76.7157,75.7293,76.7157,3123.5529858968
2018-04-18,76.8502,76.8502,76.1777,76.1777,1942.6023925142
2018-04-19,76.1328,76.1328,76.0432,76.0432,44.606254707559
2018-04-20,75.9983,75.9983,73.7116,73.7116,3682.246326109
2018-04-23,75.0119,75.0119,74.6532,74.6532,1884.6142613944
2018-04-24,74.6981,75.6844,74.6981,75.6844,3829.4469666439
2018-04-25,75.5948,75.5948,72.5459,72.5459,6529.2405328189
2018-04-26,72.7253,73.2184,72.7253,73.2184,607.76022039049
2018-04-27,69.4073,69.4073,65.7755,65.7755,4875.4636395362
2018-04-30,66.2239,67.0758,66.2239,67.0758,13.381876412268
2018-05-01,67.0758,67.0758,67.0758,67.0758,0
2018-05-02,66.8517,66.8517,65.372,65.372,10163.535135117
2018-05-03,65.7307,65.7307,65.1031,65.1031,441.60192160483
2018-05-04,65.372,65.372,63.4888,63.4888,10368.723906772
2018-05-08,64.2063,64.2063,64.0269,64.0269,5701.7945079937
2018-05-09,64.5201,64.5201,64.2511,64.2511,3985.5688581204
2018-05-10,64.2511,64.2511,64.2511,64.2511,0
2018-05-11,64.8788,64.8788,64.8339,64.8339,549.77208927066
2018-05-14,64.6994,66.179,64.6994,66.179,443140.83739224
2018-05-15,65.9549,65.9549,65.5513,65.5513,6911.7391669362
2018-05-16,64.9236,64.9236,64.9236,64.9236,96104.175767435
2018-05-17,64.9236,64.9236,64.9236,64.9236,0
2018-05-18,64.9236,64.9236,63.7579,63.7579,29920.760501463
2018-05-21,63.7579,63.7579,63.7579,63.7579,0
2018-05-22,64.2511,65.1031,64.2511,65.1031,3915.314006956
2018-05-23,65.2374,65.2374,63.0853,63.0853,19646.824885944
2018-05-24,63.2647,63.2647,63.1301,63.1301,9774.3455627938
2018-05-25,63.5785,63.5785,63.5337,63.5337,3401.2269214513
2018-05-29,63.8476,63.8476,62.4577,62.4577,6373.1186413424
2018-05-30,61.5609,61.5609,61.0229,61.0229,10759.028635463
2018-05-31,62.2334,62.2334,62.0093,62.0093,7307.6196774658
2018-06-01,63.3543,63.3543,62.6369,62.6369,12907.934956
2018-06-04,62.4577,62.5921,62.4577,62.5921,8019.0894400513
2018-06-05,62.5024,62.5024,62.2334,62.2334,7087.9338730311
2018-06-06,62.8612,62.8612,61.1574,61.1574,15691.365249752
2018-06-07,61.785,61.785,60.8434,60.8434,6346.3548885179
2018-06-08,61.3367,61.3367,59.8571,59.8571,32497.886867192
2018-06-11,60.2607,61.4712,60.2607,61.4712,24337.172568444
2018-06-12,61.6057,62.368,61.6057,62.368,8865.4931231273
2018-06-13,62.6369,62.6369,61.0229,61.0229,3075.6012620862
2018-06-14,62.1885,62.1885,61.6057,61.6057,11996.852203598
2018-06-15,61.5161,61.5161,61.1574,61.1574,24686.21651153
2018-06-18,58.6913,61.8747,58.6913,61.8747,11815.081715665
2018-06-19,62.0093,62.0093,60.5745,60.5745,1377.2181140959
2018-06-20,60.6642,60.6642,59.588,59.588,3562.9245947662
2018-06-21,59.364,59.588,59.364,59.588,5600.315278534
2018-06-22,60.4848,61.247,60.4848,61.247,42301.226495546
2018-06-25,60.1261,60.4399,60.1261,60.4399,8089.3442912157
2018-06-26,60.6642,60.6642,59.9018,59.9018,15946.736057952
2018-06-27,60.2158,60.2158,59.6778,59.6778,3700.088827992
2018-06-28,59.1845,59.1845,58.1981,58.1981,7974.4831853438
2018-06-29,58.8707,59.5432,58.8707,59.5432,18373.316314043
2018-07-02,59.1845,61.1126,59.1845,61.1126,9699.6300861586
2018-07-03,62.368,62.368,60.171,60.171,7399.0624996163
2018-07-04,58.9604,60.2607,58.9604,60.2607,1556.7582892938
2018-07-05,58.9604,60.3054,58.9604,60.3054,5482.108703559
2018-07-06,59.8123,59.9018,59.8123,59.9018,19701.467547961
2018-07-09,60.1261,60.1261,60.0364,60.0364,4332.3824884716
2018-07-10,60.6642,60.8434,60.6642,60.8434,4352.45530309
2018-07-11,61.4264,61.4264,59.9018,59.9018,5372.8233795254
2018-07-12,60.1261,60.1261,59.588,59.588,3569.6155329724
2018-07-13,56.8978,56.8978,46.7199,46.7199,2352.9799358237
2018-07-16,47.5717,47.5717,47.0338,47.0338,73181.021473221
2018-07-17,46.7423,46.7423,44.8816,44.8816,72659.128293142
2018-07-18,45.3524,45.3524,44.8816,44.8816,13323.888281148
2018-07-19,45.4421,45.4421,45.0834,45.0834,19413.757205097
2018-07-20,45.0386,45.0386,44.5453,44.5453,11469.38324168
2018-07-23,43.9175,44.0521,43.9175,44.0521,14241.661971756
2018-07-24,45.0161,49.724,45.0161,49.724,5273.5744628011
2018-07-25,50.5759,50.5759,50.1275,50.1275,82488.116517953
2018-07-26,47.9305,51.9657,47.9305,51.9657,5942.6682834145
2018-07-27,52.19,52.19,51.921,51.921,6954.1151089084
2018-07-30,52.5487,53.3109,52.5487,53.3109,9601.496325802
2018-07-31,53.0419,55.3735,53.0419,55.3735,13910.460530553
2018-08-01,50.2171,53.8041,50.2171,53.8041,11796.124057414
2018-08-02,54.4319,54.4319,54.0284,54.0284,7831.7431702796
2018-08-03,53.8938,54.4319,53.8938,54.4319,6049.7232947126
2018-08-06,54.6111,54.6111,52.1452,52.1452,20580.210765699
2018-08-07,52.19,53.8489,52.19,53.8489,4612.2867367616
2018-08-08,49.724,53.1316,49.724,53.1316,11935.518603375
2018-08-09,53.2212,53.5351,53.2212,53.5351,2060.8089674892
2018-08-10,53.4006,53.4006,53.3557,53.3557,14102.267425794
2018-08-13,52.5487,52.5487,52.4141,52.4141,10537.112518293
2018-08-14,52.5487,52.5487,52.4141,52.4141,3940.9626034128
2018-08-15,53.3109,53.3109,52.6832,52.6832,17979.66611625
2018-08-16,52.6384,52.8625,52.6384,52.8625,10857.16239582
2018-08-17,52.9522,52.9522,52.6384,52.6384,12936.92902156
2018-08-20,52.7281,52.7281,49.5447,49.5447,41852.933635735
2018-08-21,55.194,55.194,54.387,54.387,1183.180906118
2018-08-22,54.7457,54.9251,54.7457,54.9251,2007.2814618401
2018-08-23,54.7457,54.7457,54.2973,54.2973,12121.749716779
2018-08-24,54.7457,54.7457,54.118,54.118,969.07088352171
2018-08-28,52.6384,53.6696,52.6384,53.6696,969.07088352171
2018-08-29,53.4454,53.4454,53.4454,53.4454,0
2018-08-30,53.0419,53.0419,52.6832,52.6832,36.800160133736
2018-08-31,52.3693,52.3693,52.3693,52.3693,0
2018-09-03,52.459,52.459,51.0691,51.0691,7215.0616989476
2018-09-04,51.4278,51.4278,51.1587,51.1587,9621.5691404204
2018-09-05,50.4414,50.4414,50.4414,50.4414,0
2018-09-06,50.3068,50.3068,50.262,50.262,6820.2963447857
2018-09-07,50.6655,50.6655,49.8136,49.8136,6715.4716462229
2018-09-10,49.6343,49.6343,49.6343,49.6343,1777.5592500962
2018-09-11,49.993,49.993,47.8408,47.8408,2921.7096833451
2018-09-12,48.5133,48.5133,47.4821,47.4821,105.93985493045
2018-09-13,47.7512,47.7512,47.4821,47.4821,108.17016766583
2018-09-14,47.6615,47.6615,47.6615,47.6615,0
2018-09-17,47.6615,48.8272,47.6615,48.8272,1766.4076864193
2018-09-18,49.1411,49.1411,48.6031,48.6031,1037.0954219507
2018-09-19,49.4549,49.4549,48.2892,48.2892,2853.6851449161
2018-09-20,49.1859,49.1859,49.1859,49.1859,0
2018-09-21,48.8721,48.9617,48.8721,48.9617,1.115156367689
2018-09-24,48.5133,48.5133,48.2444,48.2444,112.63079313659
2018-09-25,47.9305,47.9305,47.5717,47.5717,3827.2166539085
2018-09-26,47.5717,47.6166,47.5717,47.6166,328.97112846824
2018-09-27,47.0786,47.2131,47.0786,47.2131,1974.9419271772
2018-09-28,47.0113,47.4821,47.0113,47.4821,1.115156367689
2018-10-01,46.294,47.0786,46.294,47.0786,50027.029810895
2018-10-02,46.8993,47.0338,46.8993,47.0338,10008.528400008
2018-10-03,46.7423,46.7423,46.2267,46.2267,44378.76280855
2018-10-04,46.2043,46.2043,45.6662,45.6662,4141.6907495968
2018-10-05,45.1283,45.1283,44.8816,44.8816,580.99646756595
2018-10-08,45.5542,45.5542,44.7247,44.7247,272.09815371611
2018-10-09,43.8503,44.1418,43.8503,44.1418,74045.267658179
2018-10-10,44.7023,44.7023,43.514,43.514,9937.1583924764
2018-10-11,52.9522,52.9522,42.4156,42.4156,4139.4604368614
2018-10-12,42.6173,42.9984,42.6173,42.9984,7602.0209585357
2018-10-15,38.8286,38.8286,33.1568,33.1568,5.5757818384448
2018-10-16,33.8293,35.9142,33.8293,35.9142,21641.839627739
2018-10-17,36.9455,36.9455,36.8333,36.8333,21051.921909232
2018-10-18,37.1249,37.1249,36.2057,36.2057,13887.042246831
2018-10-19,36.9007,36.9007,35.5556,35.5556,22706.813958883
2018-10-22,35.9591,35.9591,35.0847,35.0847,14880.646570442
2018-10-23,35.3314,35.3314,34.1656,34.1656,5903.6378105454
2018-10-24,34.5467,35.3538,34.5467,35.3538,11280.921815541
2018-10-25,34.5467,35.309,34.5467,35.309,14592.936227577
2018-10-26,34.7709,38.2682,34.7709,38.2682,4069.205585697
2018-10-29,39.2995,39.2995,35.9367,35.9367,2712.0602862196
2018-10-30,35.8694,35.8694,34.2104,34.2104,39675.033249638
2018-10-31,33.9639,34.8606,33.9639,34.8606,8309.0300956505
2018-11-01,34.7709,36.9679,34.7709,36.9679,4050.2479274463
2018-11-02,37.2369,37.4387,37.2369,37.4387,2172.3246042581
2018-11-05,37.3714,37.3714,37.2145,37.2145,15240.842077205
2018-11-06,37.4163,37.4163,36.9679,36.9679,8756.2077990938
2018-11-07,36.9904,39.2995,36.9904,39.2995,7576.3723620788
2018-11-08,39.8151,39.8151,39.0528,39.0528,87683.630035015
2018-11-09,40.3531,40.7566,40.3531,40.7566,62350.622830226
2018-11-12,40.9584,40.9584,40.9135,40.9135,2840.3032685038
2018-11-13,40.0168,40.0168,39.3218,39.3218,3700.088827992
2018-11-14,39.6357,39.6357,39.2322,39.2322,1105.1199603798
2018-11-15,37.8871,37.8871,37.8871,37.8871,0
2018-11-16,37.8423,37.9319,37.8423,37.9319,3721.2767989781
2018-11-19,37.08,38.8735,37.08,38.8735,1138.5746514104
2018-11-20,38.5596,38.5596,38.5596,38.5596,113.74594950427
2018-11-21,37.4611,38.9407,37.4611,38.9407,155.00673510877
2018-11-22,39.3443,39.3443,38.8511,38.8511,3407.9178596575
2018-11-23,38.6044,39.5236,38.6044,39.5236,63685.465002349
2018-11-26,39.9271,39.9271,39.9271,39.9271,0
2018-11-27,40.4876,40.4876,39.5909,39.5909,143.85517143188
2018-11-28,40.2858,40.2858,39.0303,39.0303,1838.8928503191
2018-11-29,39.8151,39.8151,39.1874,39.1874,2971.8917198911
2018-11-30,39.3891,40.9809,39.3891,40.9809,1015.9074509646
2018-12-03,43.4917,43.4917,43.4917,43.4917,0
2018-12-04,42.7967,44.7919,42.7967,44.7919,856.44009038512
2018-12-05,44.7694,44.7694,44.2091,44.2091,1093.9683967029
2018-12-06,43.7383,43.7383,42.6398,42.6398,57.988131119826
2018-12-07,39.0752,39.0752,38.8735,38.8735,104474.53946331
2018-12-10,38.4924,39.4115,38.4924,39.4115,73534.526041778
2018-12-11,39.7254,41.3395,39.7254,41.3395,12894.553079588
2018-12-12,41.3395,42.1689,41.3395,42.1689,29297.388091925
2018-12-13,42.3707,42.3707,40.0393,40.0393,51182.33180782
2018-12-14,39.5012,42.5052,39.5012,42.5052,59612.913947549
2018-12-17,42.1465,42.6621,42.1465,42.6621,23197.482760666
2018-12-18,42.707,42.707,42.4156,42.4156,6569.3861620557
2018-12-19,41.4292,42.0793,41.4292,42.0793,3149.2015823536
2018-12-20,41.0481,41.1378,41.0481,41.1378,33894.062639539
2018-12-21,40.8238,41.2273,40.8238,41.2273,3628.7188204599
2018-12-24,41.2273,41.2273,41.2273,41.2273,0
2018-12-27,41.7654,42.4156,41.7654,42.4156,6669.7502351477
2018-12-28,42.3707,42.5724,42.3707,42.5724,1748.5651845363
2018-12-31,42.5724,42.5724,42.5724,42.5724,0
2019-01-02,41.9897,42.864,41.9897,42.864,8288.9572810321
2019-01-03,43.2226,43.514,43.2226,43.514,1748.5651845363
2019-01-04,43.3123,43.671,43.3123,43.671,10714.422380756
2019-01-07,43.1554,43.1554,42.9312,42.9312,3095.6740767046
2019-01-08,42.4156,45.1058,42.4156,45.1058,68072.490152838
2019-01-09,45.2178,45.2178,44.5677,44.5677,53586.608936558
2019-01-10,44.3435,45.0161,44.3435,45.0161,40612.879754864
2019-01-11,45.2851,45.2851,44.7023,44.7023,30177.246466031
2019-01-14,43.5589,44.7919,43.5589,44.7919,5701.7945079937
2019-01-15,44.1867,44.1867,43.9849,43.9849,27878.909192224
2019-01-16,43.5814,43.9175,43.5814,43.9175,12301.289891977
2019-01-17,44.7694,44.7694,42.7967,42.7967,32159.994487782
2019-01-18,43.4917,43.4917,41.9672,41.9672,24043.886443742
2019-01-21,42.6621,42.6621,41.5862,41.5862,18956.543094345
2019-01-22,42.8864,43.2226,42.8864,43.2226,30351.21085939
2019-01-23,43.4243,43.4243,42.9984,42.9984,19346.847823036
2019-01-24,42.6621,43.1554,42.6621,43.1554,16847.782403045
2019-01-25,42.1465,42.7967,42.1465,42.7967,4796.2875374302
2019-01-28,42.5501,42.5501,41.1153,41.1153,12363.738648567
2019-01-29,42.1465,42.1465,40.5997,40.5997,337.89237940976
2019-01-30,40.8687,41.6533,40.8687,41.6533,14091.115862117
2019-01-31,41.6533,42.8191,41.6533,42.8191,28031.685614597
2019-02-01,40.7566,42.9088,40.7566,42.9088,26567.485303822
2019-02-04,43.5814,43.5814,43.0881,43.0881,1877.9233231882
2019-02-05,42.3259,43.8503,42.3259,43.8503,11153.793989625
2019-02-06,43.6486,44.7247,43.6486,44.7247,20640.429209555
2019-02-07,44.5902,48.2444,44.5902,48.2444,11816.196872032
2019-02-08,47.4373,47.796,47.4373,47.796,12217.6531644
2019-02-11,46.8321,47.5717,46.8321,47.5717,12217.6531644
2019-02-12,47.4373,48.065,47.4373,48.065,8061.4653820235
2019-02-13,48.0201,48.0201,47.7512,47.7512,1565.6795402353
2019-02-14,47.6615,47.6615,47.6166,47.6166,2079.7666257399
2019-02-15,47.7512,48.3789,47.7512,48.3789,194.03720797788
2019-02-18,48.4237,48.7375,48.4237,48.7375,1934.7962979404
2019-02-19,47.9305,47.9305,47.2131,47.2131,32990.785981711
2019-02-20,47.2579,47.2579,46.4733,46.4733,34490.671296252
2019-02-21,46.7199,46.8769,46.7199,46.8769,5905.8681232808
2019-02-22,46.8993,46.8993,46.8544,46.8544,393.6501977942
2019-02-25,46.7423,46.8321,46.7423,46.8321,21804.652457423
2019-02-26,47.0786,47.8408,47.0786,47.8408,454.9837980171
2019-02-27,47.4373,47.4373,46.8993,46.8993,1726.2620571825
2019-02-28,46.9217,46.9217,46.7647,46.7647,556.46302747679
2019-03-01,47.6615,47.6615,47.5717,47.5717,84663.786591314
2019-03-04,47.7512,47.7512,47.2131,47.2131,69531.114681775
2019-03-05,47.6615,47.6615,47.2579,47.2579,33630.885736764
2019-03-06,47.6615,47.6615,47.5717,47.5717,22855.129755786
2019-03-07,47.3477,47.8856,47.3477,47.8856,13788.908486475
2019-03-08,47.1459,47.3028,47.1459,47.3028,67900.756072213
2019-03-11,47.1682,47.8408,47.1682,47.8408,50499.856110795
2019-03-12,47.4373,47.4373,46.5854,46.5854,19651.285511415
2019-03-13,46.2043,47.3028,46.2043,47.3028,12771.885879142
2019-03-14,46.9217,47.6615,46.9217,47.6615,10146.807789602
2019-03-15,47.9305,48.6031,47.9305,48.6031,2861.4912394899
2019-03-18,48.1995,48.7375,48.1995,48.7375,25290.631262818
2019-03-19,48.2892,48.2892,48.1098,48.1098,17390.86355411
2019-03-20,48.2892,48.2892,47.2131,47.2131,15322.248492046
2019-03-21,47.7512,47.7512,47.2131,47.2131,6200.2694043506
2019-03-22,46.8321,46.8321,46.6975,46.6975,11752.632959074
2019-03-25,46.5629,47.4821,46.5629,47.4821,13029.487000078
2019-03-26,44.5229,47.0561,44.5229,47.0561,3671.0947624321
2019-03-27,47.0786,47.3028,47.0786,47.3028,3054.4132911001
2019-03-28,47.7512,47.7512,46.137,46.137,9767.6546245876
2019-03-29,46.8993,46.8993,46.8993,46.8993,2464.4955725926
2019-04-01,47.2804,48.3564,47.2804,48.3564,9990.6858981254
2019-04-02,48.4237,49.3205,48.4237,49.3205,6466.7917762283
2019-04-03,49.724,49.724,48.9393,48.9393,5263.5380554919
2019-04-04,48.7375,49.8585,48.7375,49.8585,5001.476309085
2019-04-05,50.3965,51.6519,50.3965,51.6519,3839.4833739531
2019-04-08,51.8089,51.8089,51.226,51.226,3488.2091181311
2019-04-09,51.5847,51.5847,50.5982,50.5982,1934.7962979404
2019-04-10,50.3517,51.921,50.3517,51.921,9543.5081946822
2019-04-11,52.3245,53.6024,52.3245,53.6024,24284.760219162
2019-04-12,53.8041,54.7457,53.8041,54.7457,52271.839579053
2019-04-15,53.1316,53.9163,53.1316,53.9163,51502.381685348
2019-04-16,54.7008,56.1356,54.7008,56.1356,56178.232335067
2019-04-17,56.7186,56.7186,56.1356,56.1356,9810.0305665598
2019-04-18,56.1356,56.1356,56.1356,56.1356,0
2019-04-23,58.3775,58.3775,57.2565,57.2565,2099.8394403583
2019-04-24,57.8619,57.8619,57.0099,57.0099,3470.3666162481
2019-04-25,56.6737,57.0324,56.6737,57.0324,5886.91046503
2019-04-26,56.158,56.158,54.0507,54.0507,404.80176147109
2019-04-29,53.6024,53.6024,51.383,51.383,6164.5844005846
2019-04-30,51.764,52.4366,51.764,52.4366,1569.0250093384
2019-05-01,52.4366,52.4366,52.4366,52.4366,0
2019-05-02,52.0106,53.9163,52.0106,53.9163,80309.100975488
2019-05-03,54.0731,54.0955,54.0731,54.0955,61565.552747372
2019-05-07,51.764,51.764,51.226,51.226,2303.9130556454
2019-05-08,51.4726,51.9434,51.4726,51.9434,3677.7857006382
2019-05-09,51.6744,51.6744,51.0242,51.0242,2814.6546720469
2019-05-10,52.3245,52.3245,51.1139,51.1139,2258.1916445702
2019-05-13,50.957,51.8089,50.957,51.8089,1189.8718443241
2019-05-14,50.8673,52.5487,50.8673,52.5487,957.91931984482
2019-05-15,52.2349,52.2349,51.6071,51.6071,2468.9561980634
2019-05-16,51.6744,51.9657,51.6744,51.9657,199.61298981632
2019-05-17,51.9657,51.9657,51.9657,51.9657,0
2019-05-20,52.7952,52.7952,52.3469,52.3469,16418.447201485
2019-05-21,52.4141,54.5663,52.4141,54.5663,326444.18413906
2019-05-22,53.3782,54.3645,53.3782,54.3645,10776.871137346
2019-05-23,54.0731,54.0731,53.8041,53.8041,2039.6209965031
2019-05-24,53.2661,53.8714,53.2661,53.8714,3111.2862658522
2019-05-28,53.8041,53.9835,53.8041,53.9835,39175.443196913
2019-05-29,53.3109,54.0955,53.3109,54.0955,246.44955725926
2019-05-30,54.0955,54.0955,54.0955,54.0955,0
2019-05-31,53.5127,54.2301,53.5127,54.2301,11111.418047653
2019-06-03,53.2661,54.118,53.2661,54.118,11757.093584545
2019-06-04,52.9073,53.9386,52.9073,53.9386,3017.6131309663
2019-06-05,53.9386,53.9835,53.9386,53.9835,453.86864164941
2019-06-06,53.9386,53.9386,52.6832,52.6832,1757.4864354778
2019-06-07,52.6608,52.6608,52.2124,52.2124,3014.2676618633
2019-06-10,52.6608,52.6608,52.2124,52.2124,3014.2676618633
2019-06-11,52.3245,52.3245,51.4053,51.4053,30243.040691725
2019-06-12,51.5174,51.5174,49.9482,49.9482,6032.9959491973
2019-06-13,48.4237,49.6119,48.4237,49.6119,4892.1909850515
2019-06-14,49.2083,49.2083,48.9617,48.9617,8606.7768458234
2019-06-17,49.029,49.4549,49.029,49.4549,7887.500988664
2019-06-18,48.9393,48.9393,48.2444,48.2444,47659.552842291
2019-06-19,48.5133,48.6703,48.5133,48.6703,10634.131122282
2019-06-20,48.8945,48.8945,48.6031,48.6031,10230.444517179
2019-06-21,48.7375,48.7375,47.796,47.796,58741.976824383
2019-06-24,47.37,48.065,47.37,48.065,2868.182177696
2019-06-25,47.3253,48.7824,47.3253,48.7824,3446.9483325266
2019-06-26,48.0875,48.6479,48.0875,48.6479,3048.8375092616
2019-06-27,47.5717,48.8272,47.5717,48.8272,3538.3911546771
2019-06-28,49.2083,50.2171,49.2083,50.2171,5526.7149582665
2019-07-01,50.105,51.6744,50.105,51.6744,2280.4947719239
2019-07-02,51.8537,51.9882,51.8537,51.9882,63969.82987611
2019-07-03,51.1139,52.7281,51.1139,52.7281,29356.491379411
2019-07-04,53.0868,53.3333,53.0868,53.3333,36137.757251328
2019-07-05,52.9971,52.9971,52.9073,52.9073,34492.901608987
2019-07-08,51.4726,51.4726,49.5447,49.5447,57931.258145074
2019-07-09,49.9706,50.7552,49.9706,50.7552,3692.2827334182
2019-07-10,50.2171,50.2171,44.3346,44.3346,227900.04623913
2019-07-11,44.8368,44.8368,43.532,43.532,17638.428267736
2019-07-12,43.6442,44.6126,43.6442,44.6126,59322.97329195
2019-07-15,45.3972,45.3972,43.7428,43.7428,12256.68363727
2019-07-16,44.1149,44.1149,43.6261,43.6261,116191.48741862
2019-07-17,43.7741,43.7741,43.3302,43.3302,12904.589486897
2019-07-18,43.7741,43.7741,43.2764,43.2764,13776.64176643
2019-07-19,43.3034,43.3034,42.8056,42.8056,72391.490764896
2019-07-22,43.1016,43.1374,43.1016,43.1374,8181.9022697339
2019-07-23,43.0433,43.0433,42.9536,42.9536,62589.26629291
2019-07-24,42.8012,42.8012,41.6982,41.6982,6508.0525618328
2019-07-25,42.0927,42.1196,42.0927,42.1196,1815.4745665976
2019-07-26,41.3754,41.5188,41.3754,41.5188,74208.080487863
2019-07-29,42.1914,42.1914,41.9134,41.9134,116010.83208705
2019-07-30,42.2273,42.2273,42.1824,42.1824,1023.7135455385
2019-07-31,41.6982,42.5501,41.6982,42.5501,10091.049971217
2019-08-01,42.1555,42.8325,42.1555,42.8325,2358.5557176622
2019-08-02,42.1555,42.4066,42.1555,42.4066,1046.0166728922
2019-08-05,42.1824,42.1824,42.1824,42.1824,0
2019-08-06,41.6264,42.9222,41.6264,42.9222,500.70520909235
2019-08-07,43.792,43.792,43.792,43.792,0
2019-08-08,44.6843,44.6843,43.0971,43.0971,3043.2617274232
2019-08-09,44.5946,44.5946,44.5542,44.5542,24544.591652834
2019-08-12,44.375,44.375,43.124,43.124,1661.5829878566
2019-08-13,43.7023,43.7023,43.7023,43.7023,811.83383567757
2019-08-14,43.2226,43.2226,41.6982,41.6982,13397.488601416
2019-08-15,40.9809,40.9809,40.9449,40.9449,656.8271005688
2019-08-16,41.7968,41.7968,39.1962,39.1962,759.42148639618
2019-08-19,39.6446,40.2006,39.6446,40.2006,239.75861905313
2019-08-20,41.3932,41.3932,41.1422,41.1422,13282.627495543
2019-08-21,41.743,41.743,41.743,41.743,0
2019-08-22,41.6624,41.761,41.6624,41.761,223.03127353779
2019-08-23,41.9224,41.9224,40.5683,40.5683,17255.929633619
2019-08-27,39.7164,39.7792,39.7164,39.7792,7.8060945738228
2019-08-28,39.5819,40.0303,39.5819,40.0303,361.31066313122
2019-08-29,39.9226,41.0346,39.9226,41.0346,107.05501129814
2019-08-30,40.8105,40.8105,40.4696,40.4696,155.00673510877
2019-09-02,40.5504,40.5504,40.5504,40.5504,0
2019-09-03,40.4607,40.4607,40.4607,40.4607,0
2019-09-04,40.4965,40.4965,40.4965,40.4965,0
2019-09-05,40.8822,40.8822,40.8822,40.8822,0
2019-09-06,41.2498,41.2498,40.6042,40.6042,419.29879425105
2019-09-09,40.2634,40.4965,40.2634,40.4965,382.49863411731
2019-09-10,40.7925,40.7925,40.7925,40.7925,0
2019-09-11,41.4023,41.4023,41.4023,41.4023,0
2019-09-12,41.0346,41.1243,41.0346,41.1243,1671.6193951658
2019-09-13,41.2677,41.4112,41.2677,41.4112,3794.8771192455
2019-09-16,41.2498,41.2498,40.9449,40.9449,545.3114637999
2019-09-17,40.7476,40.7476,40.7476,40.7476,0
2019-09-18,41.0256,41.0256,41.0256,41.0256,0
2019-09-19,41.0166,41.1243,41.0166,41.1243,1545.6067256169
2019-09-20,40.918,40.918,40.918,40.918,0
2019-09-23,40.8014,40.8014,40.8014,40.8014,0
2019-09-24,39.0707,39.0707,39.0707,39.0707,0
2019-09-25,40.2096,40.2096,40.1109,40.1109,662.40288240724
2019-09-26,40.2096,40.2096,40.2096,40.2096,0
2019-09-27,39.1874,39.1874,39.1425,39.1425,68.024538429027
2019-09-30,39.6446,40.093,39.6446,40.093,2025.1239637232
2019-10-01,40.2186,40.2186,40.2186,40.2186,0
2019-10-02,39.1425,39.1425,39.1425,39.1425,0
2019-10-03,38.7569,38.7569,38.7569,38.7569,0
2019-10-04,39.277,39.277,39.277,39.277,0
2019-10-07,39.4563,39.4563,39.4563,39.4563,0
2019-10-08,38.8376,38.8376,38.8376,38.8376,0
2019-10-09,40.0751,40.0751,40.0751,40.0751,0
2019-10-10,40.5593,40.5593,40.5593,40.5593,0
2019-10-11,40.2006,40.2006,40.2006,40.2006,0
2019-10-14,40.5862,40.5862,39.8061,39.8061,885.43415594504
2019-10-15,39.6177,39.7612,39.6177,39.7612,168.38861152103
2019-10-16,40.4338,40.4338,39.5729,39.5729,42.375941972181
2019-10-17,40.0213,40.0213,38.7927,38.7927,33.454691030669
2019-10-18,39.4922,39.4922,38.9273,38.9273,2894.9459305206
2019-10-21,38.8824,39.0528,38.8824,39.0528,2402.046816002
2019-10-22,39.1335,39.2949,39.1335,39.2949,53.52750564907
2019-10-23,39.017,39.0619,39.017,39.0619,16.727345515334
2019-10-24,39.017,39.1784,39.017,39.1784,1207.7143462071
2019-10-25,39.9047,39.9047,39.3039,39.3039,420.41395061874
2019-10-28,40.8732,40.8732,40.8732,40.8732,0
2019-10-29,40.8911,41.3305,40.8911,41.3305,23080.391342058
2019-10-30,39.9585,40.658,39.9585,40.658,1207.7143462071
2019-10-31,40.8283,41.5367,40.8283,41.5367,21384.238506803
2019-11-01,42.985,42.985,42.985,42.985,0
2019-11-04,42.5322,43.4782,42.5322,43.4782,365.77128860198
2019-11-05,43.8727,44.0162,43.8727,44.0162,274.32846645149
2019-11-06,44.3794,44.3794,44.3794,44.3794,0
2019-11-07,44.6843,44.8636,44.6843,44.8636,41.260785604492
2019-11-08,44.6932,44.6932,44.6932,44.6932,0
2019-11-11,42.7114,42.7114,42.7114,42.7114,0
2019-11-12,42.6218,43.55,42.6218,43.55,1855.6201958344
2019-11-13,44.2763,44.2763,44.2763,44.2763,0
2019-11-14,44.4243,44.4601,44.4243,44.4601,373.5773831758
2019-11-15,42.7026,42.7026,42.7026,42.7026,0
2019-11-18,42.3707,42.3707,42.3707,42.3707,0
2019-11-19,41.8327,42.8147,41.8327,42.8147,27783.005744603
2019-11-20,42.4783,42.4783,42.4783,42.4783,0
2019-11-21,42.7205,43.0433,42.7205,43.0433,34928.927748754
2019-11-22,42.8012,42.8012,42.8012,42.8012,0
2019-11-25,42.3618,43.003,42.3618,43.003,111.5156367689
2019-11-26,43.3123,43.3123,42.4246,42.4246,69.139694796716
2019-11-27,42.0031,43.0702,42.0031,43.0702,158.35220421183
2019-11-28,43.2899,43.2899,43.2899,43.2899,0
2019-11-29,43.2809,43.2809,43.2809,43.2809,0
2019-12-02,42.0031,42.9984,42.0031,42.9984,5329.3322811856
2019-12-03,42.8909,43.1419,42.8909,43.1419,170.61892425641
2019-12-04,43.2047,43.2047,43.2047,43.2047,0
2019-12-05,43.133,43.133,43.133,43.133,0
2019-12-06,42.9671,42.9671,42.9671,42.9671,0
2019-12-09,42.4066,42.4066,42.4066,42.4066,0
2019-12-10,42.9715,42.9715,42.9715,42.9715,0
2019-12-11,42.7608,43.2809,42.7608,43.2809,440.48676523714
2019-12-12,42.8281,42.8281,42.8281,42.8281,0
2019-12-13,43.7876,43.7876,43.7876,43.7876,0
2019-12-16,44.2539,44.2539,42.8504,42.8504,3501.5909945433
2019-12-17,42.5859,43.0568,42.5859,43.0568,670.20897698107
2019-12-18,42.9402,42.9402,42.9402,42.9402,0
2019-12-19,42.9312,42.9312,42.8101,42.8101,5394.0113505115
2019-12-20,42.9536,42.9536,42.9536,42.9536,0
2019-12-23,43.0612,46.3881,43.0612,46.3881,108.17016766583
2019-12-24,46.3881,46.3881,46.3881,46.3881,0
2019-12-27,45.7784,46.4778,45.7784,46.4778,2.2303127353779
2019-12-30,47.0606,47.1907,47.0606,47.1907,1.115156367689
2019-12-31,47.1907,47.1907,47.1907,47.1907,0
2020-01-02,47.4821,47.4821,47.4821,47.4821,0
2020-01-03,48.6479,48.6479,48.6479,48.6479,0
2020-01-06,48.8945,48.9393,48.8945,48.9393,3990.0294835911
2020-01-07,49.4774,49.4774,49.4774,49.4774,0
2020-01-08,48.7824,48.8272,48.7824,48.8272,20828.890635694
2020-01-09,49.1187,49.1187,48.1772,48.1772,229.72221174393
2020-01-10,48.0875,48.0875,48.065,48.065,1.115156367689
2020-01-13,48.1772,48.334,48.1772,48.334,21940.701534281
2020-01-14,48.1772,48.3115,48.1772,48.3115,21955.19856706
2020-01-15,48.7375,48.7375,48.7375,48.7375,22436.946117902
2020-01-16,49.5447,49.5895,49.5447,49.5895,23998.165032667
2020-01-17,49.4998,49.4998,49.3205,49.3205,23642.430151374
2020-01-20,49.5447,49.5447,49.5447,49.5447,0
2020-01-21,48.8272,48.8272,48.8272,48.8272,0
2020-01-22,40.38,40.38,40.38,40.38,0
2020-01-23,39.6805,39.6805,39.2142,39.2142,756.07601729312
2020-01-24,38.47,38.47,38.47,38.47,0
2020-01-27,38.6941,38.6941,37.2773,37.2773,11151.56367689
2020-01-28,37.3311,37.3311,37.3311,37.3311,0
2020-01-29,38.0216,38.0216,38.0216,38.0216,0
2020-01-30,38.5686,38.5686,37.1069,37.1069,856.44009038512
2020-01-31,37.1696,37.1696,37.0532,37.0532,1645.9707987089
2020-02-03,37.0532,37.0532,37.0532,37.0532,0
2020-02-04,36.9993,36.9993,36.9993,36.9993,0
2020-02-05,37.2056,37.5463,37.2056,37.5463,2703.1390352781
2020-02-06,37.7884,37.7884,37.7884,37.7884,0
2020-02-07,38.47,38.47,36.1743,36.1743,18963.234032551
2020-02-10,36.3177,36.3177,35.7169,35.7169,51756.63733718
2020-02-11,35.7349,36.4074,35.7349,36.4074,26889.765494084
2020-02-12,36.3895,36.3895,36.1743,36.1743,2846.9942067099
2020-02-13,35.7528,35.7528,35.7528,35.7528,0
2020-02-14,34.9637,34.9637,34.9637,34.9637,0
2020-02-17,35.7528,35.7528,35.0892,35.0892,506.28099093079
2020-02-18,34.9906,34.9906,34.9906,34.9906,0
2020-02-19,35.5645,35.5645,35.2775,35.2775,3392.3056705098
2020-02-20,35.2058,35.2058,35.2058,35.2058,0
2020-02-21,35.3493,35.3493,35.3493,35.3493,0
2020-02-24,34.4615,34.4615,34.4615,34.4615,0
2020-02-25,33.8158,33.8158,33.8158,33.8158,0
2020-02-26,34.2194,34.2194,34.1925,34.1925,66.909382061338
2020-02-27,32.695,32.695,31.8251,31.8251,3485.9788053957
2020-02-28,30.9553,30.9553,30.6146,30.6146,1017.0226073323
2020-03-02,30.3185,30.3185,30.0675,30.0675,215.22517896397
2020-03-03,30.5966,30.5966,30.5518,30.5518,2255.9613318348
2020-03-04,30.9373,30.9373,29.6102,29.6102,3500.4758381757
2020-03-05,29.9778,29.9778,29.0452,29.0452,12544.393980133
2020-03-06,29.126,29.126,28.3458,28.3458,897.70087598962
2020-03-09,26.669,26.669,26.4806,26.4806,1115.156367689
2020-03-10,27.0634,27.0634,27.0634,27.0634,0
2020-03-11,24.9292,24.9292,24.9292,24.9292,0
2020-03-12,21.7996,21.7996,21.7996,21.7996,0
2020-03-13,21.0642,21.5126,21.0642,21.5126,11731.444988088
2020-03-16,22.1762,22.1762,20.2214,20.2214,12150.743782339
2020-03-17,19.0467,19.9165,19.0467,19.9165,12955.88667981
2020-03-18,19.5936,19.5936,19.1453,19.1453,2540.3262055955
2020-03-19,19.226,19.226,19.226,19.226,0
2020-03-20,20.6339,20.6339,19.522,19.522,216.34033533166
2020-03-23,20.051,20.051,20.051,20.051,0
2020-03-24,20.5621,20.5621,20.5621,20.5621,0
2020-03-25,21.7369,21.7369,21.7369,21.7369,0
2020-03-26,21.423,21.423,20.9119,20.9119,352.38941218971
2020-03-27,19.8896,19.8896,19.8896,19.8896,0
2020-03-30,19.8448,19.8448,19.8448,19.8448,0
2020-03-31,21.2347,21.2347,21.2347,21.2347,0
2020-04-01,23.3823,23.3823,23.3823,23.3823,0
2020-04-02,26.5209,26.5209,26.5209,26.5209,0
2020-04-03,25.6466,25.6466,25.6466,25.6466,0
2020-04-06,26.6106,26.6106,26.6106,26.6106,0
2020-04-07,26.7899,26.7899,26.7899,26.7899,0
2020-04-08,26.7899,26.7899,26.7899,26.7899,0
2020-04-09,26.7899,26.7899,26.7899,26.7899,0
2020-04-14,27.5074,27.5074,27.2608,27.2608,352.38941218971
2020-04-15,25.4225,25.4225,25.4225,25.4225,0
2020-04-16,26.6779,26.6779,26.6779,26.6779,0
2020-04-17,29.0318,29.0318,29.0318,29.0318,0
2020-04-20,28.1351,28.1351,28.1351,28.1351,0
2020-04-21,27.5522,27.5522,27.5522,27.5522,0
2020-04-22,28.023,28.023,28.023,28.023,0
2020-04-23,27.8884,27.8884,27.8884,27.8884,0
2020-04-24,27.3057,27.3057,27.3057,27.3057,0
2020-04-27,26.2295,26.2295,26.2295,26.2295,0
2020-04-28,26.4538,26.4538,26.4538,26.4538,0
2020-04-29,27.9333,27.9333,27.9333,27.9333,0
2020-04-30,30.6011,30.6011,30.6011,30.6011,0
2020-05-01,30.6011,30.6011,30.6011,30.6011,0
2020-05-04,30.3769,30.3769,29.9734,29.9734,23.418283721468
2020-05-05,29.7267,29.7267,29.7267,29.7267,0
2020-05-06,30.0406,30.0406,30.0406,30.0406,0
2020-05-07,30.063,30.063,29.7267,29.7267,1115.156367689
2020-05-08,31.1167,32.0134,31.1167,32.0134,2970.7765635234
2020-05-11,31.6548,31.6548,31.6548,31.6548,0
2020-05-12,32.686,33.4483,32.686,33.4483,1115.156367689
2020-05-13,32.5739,32.5739,32.5739,32.5739,0
2020-05-14,32.417,32.417,31.4754,31.4754,1523.3035982631
2020-05-15,31.9014,31.9014,30.9373,30.9373,1115.156367689
2020-05-18,32.1704,32.1704,31.834,31.834,3345.4691030669
2020-05-19,31.7893,31.7893,31.7893,31.7893,3324.2811320808
2020-05-20,32.3497,32.3497,32.3497,32.3497,0
2020-05-21,32.3497,32.3497,32.3497,32.3497,0
2020-05-22,31.7669,31.7669,31.7669,31.7669,0
2020-05-26,31.3857,33.0448,31.3857,33.0448,140.50970232881
2020-05-27,33.112,33.112,32.7756,32.7756,2.2303127353779
2020-05-28,33.224,33.224,32.7756,32.7756,1477.5821871879
2020-05-29,32.3272,32.3272,32.0807,32.0807,439.37160886945
2020-06-01,32.0807,32.0807,32.0807,32.0807,0
2020-06-02,32.0358,32.955,32.0358,32.955,1828.8564430099
2020-06-03,34.6812,34.6812,34.6812,34.6812,0
2020-06-04,35.0623,35.0623,34.7934,34.7934,2199.0883570826
2020-06-05,37.5732,37.5732,37.5732,37.5732,0
2020-06-08,36.9007,36.9007,35.4435,35.4435,5271.3441500657
2020-06-09,35.8694,35.8694,33.8518,33.8518,5118.5677276923
2020-06-10,33.8293,34.3225,33.8293,34.3225,3558.4639692955
2020-06-11,33.7844,33.7844,32.5964,32.5964,5192.1680479598
2020-06-12,30.1302,31.9686,30.1302,31.9686,3283.0203464763
2020-06-15,32.3497,32.3497,32.3497,32.3497,0
2020-06-16,32.9326,35.2641,32.9326,35.2641,3139.1651750444
2020-06-17,33.8742,35.0175,33.8742,35.0175,3196.0381497966
2020-06-18,33.3809,33.3809,33.3809,33.3809,0
2020-06-19,32.5964,32.5964,32.5964,32.5964,0
2020-06-22,34.5467,34.614,34.5467,34.614,485.0930199447
2020-06-23,33.65,35.1296,33.65,35.1296,3341.0084775961
2020-06-24,34.3899,34.3899,34.3899,34.3899,0
2020-06-25,33.5604,33.5604,33.5604,33.5604,0
2020-06-26,34.9726,34.9726,34.9726,34.9726,0
2020-06-29,35.2418,35.2418,34.726,34.726,946.76775616793
2020-06-30,34.9726,34.9726,33.1344,33.1344,21.18797098609
2020-07-01,34.5916,34.5916,34.5916,34.5916,0
2020-07-02,35.4883,35.4883,35.4883,35.4883,0
2020-07-03,35.1072,37.3939,35.1072,37.3939,7806.0945738228
2020-07-06,36.4298,36.4298,36.4298,36.4298,0
2020-07-07,35.8022,35.8022,35.8022,35.8022,0
2020-07-08,35.1072,37.1025,35.1072,37.1025,3768.113366421
2020-07-09,39.7254,39.7254,39.7254,39.7254,0
2020-07-10,41.474,44.1418,41.474,44.1418,6150.0873678046
2020-07-13,45.6214,46.0474,45.6214,46.0474,1277.9691973716
2020-07-14,44.747,44.747,44.747,44.747,0
2020-07-15,44.8368,44.8368,44.2091,44.2091,616.681471332
2020-07-16,43.2451,43.2451,43.2002,43.2002,922.23431607877
2020-07-17,41.9448,41.9448,41.2049,41.2049,476.17176900319
2020-07-20,41.3844,43.0208,41.3844,43.0208,1168.683873338
2020-07-21,41.7654,42.2138,41.7654,42.2138,582.11162393364
2020-07-22,42.4156,42.4156,41.6533,41.6533,369.11675770505
2020-07-23,42.1914,42.1914,41.2498,41.2498,798.4519592653
2020-07-24,41.0481,41.0481,39.6805,39.6805,602.18443855204
2020-07-27,38.6493,39.2322,38.6493,39.2322,1166.4535606027
2020-07-28,40.6221,40.6221,40.4203,40.4203,459.44442348785
2020-07-29,41.0481,41.0481,39.8375,39.8375,491.78395815083
2020-07-30,40.3979,40.3979,38.6717,38.6717,515.2022418723
2020-07-31,38.4476,39.3667,38.4476,39.3667,549.77208927066
2020-08-03,39.3443,40.1962,39.3443,40.1962,492.89911451852
2020-08-04,40.1514,40.51,40.1514,40.51,2720.9815371611
2020-08-05,40.8238,40.8238,40.7566,40.7566,326.74081573287
2020-08-06,41.1826,41.1826,40.5325,40.5325,782.83977011765
2020-08-07,39.4563,40.1289,39.4563,40.1289,704.77882437943
2020-08-10,39.6805,39.9495,39.6805,39.9495,947.88291253562
2020-08-11,40.0616,40.0616,39.703,39.703,1185.4112188534
2020-08-12,39.8598,39.8598,39.0303,39.0303,446.06254707559
2020-08-13,39.2098,39.2098,38.4476,38.4476,2524.7140164478
2020-08-14,37.9319,37.9319,37.4387,37.4387,638.98459868578
2020-08-17,38.2233,38.2233,35.5331,35.5331,790.64586469148
2020-08-18,37.8423,37.8423,37.1921,37.1921,497.35973998928
2020-08-19,37.506,37.506,37.3714,37.3714,885.43415594504
2020-08-20,37.5957,37.5957,36.8558,36.8558,1308.0784192992
2020-08-21,37.4163,38.2906,37.4163,38.2906,961.26478894789
2020-08-24,39.3891,39.3891,38.7165,38.7165,2708.7148171165
2020-08-25,38.8286,38.8286,38.6493,38.6493,399.22597963265
2020-08-26,38.2233,39.703,38.2233,39.703,469.48083079705
2020-08-27,39.3891,39.7478,39.3891,39.7478,1163.1080914996
2020-08-28,39.4563,39.4563,39.2322,39.2322,393.6501977942
2020-09-01,39.7702,39.7702,38.9856,38.9856,343.4681612482
2020-09-02,39.2546,39.2546,39.2546,39.2546,370.23191407274
2020-09-03,39.7254,39.7254,39.1425,39.1425,279.90424828993
2020-09-04,39.0303,39.7254,39.0303,39.7254,468.36567442937
2020-09-07,39.9719,41.6309,39.9719,41.6309,372.46222680811
2020-09-08,40.8238,40.8238,40.4428,40.4428,2036.2755274
2020-09-09,41.6085,41.6085,41.1602,41.1602,1031.5196401123
2020-09-10,41.6085,41.6085,41.317,41.317,996.94979271393
2020-09-11,41.4292,41.4292,41.0705,41.0705,346.81363035127
2020-09-14,41.2498,41.2498,41.0032,41.0032,1073.8955820845
2020-09-15,40.7566,40.7566,40.3754,40.3754,1126.3079313659
2020-09-16,40.3531,40.7342,40.3531,40.7342,450.52317254634
2020-09-17,40.4876,41.0256,40.4876,41.0256,869.82196679739
2020-09-18,40.667,41.0929,40.667,41.0929,315.58925205598
2020-09-21,39.6357,39.8823,39.6357,39.8823,1817.704879333
2020-09-22,39.9271,40.2634,39.9271,40.2634,187.34626977175
2020-09-23,40.3979,40.3979,39.8151,39.8151,286.59518649606
2020-09-24,38.9183,39.4339,38.9183,39.4339,169.50376788872
2020-09-25,39.6805,40.4876,39.6805,40.4876,260.94659003922
2020-09-28,40.5772,41.4516,40.5772,41.4516,196.26752071326
2020-09-29,38.1337,40.5997,38.1337,40.5997,927.81009791722
2020-09-30,38.1337,41.1602,38.1337,41.1602,1926.9902033665
2020-10-01,41.7205,44.0521,41.7205,44.0521,248.67986999464
2020-10-02,44.6351,44.6351,44.6351,44.6351,0
2020-10-05,44.8368,44.8368,43.5589,43.5589,973.53150899247
2020-10-06,43.3123,43.3123,43.2675,43.2675,278.78909192224
2020-10-07,42.3707,42.7742,42.3707,42.7742,304.43768837909
2020-10-08,41.9448,42.9312,41.9448,42.9312,201.8433025517
2020-10-09,41.8551,41.8551,41.743,41.743,335.66206667438
2020-10-12,41.7205,42.2811,41.7205,42.2811,277.67393555455
2020-10-13,42.4604,42.4604,41.5413,41.5413,1511.0368782185
2020-10-14,41.6533,41.6533,41.5637,41.5637,264.29205914228
2020-10-15,41.7205,41.7205,41.2722,41.2722,1757.4864354778
2020-10-16,41.1826,41.743,41.1826,41.743,344.58331761589
2020-10-19,41.7654,41.7654,41.2049,41.2049,283.249717393
2020-10-20,42.2586,42.2586,42.2586,42.2586,0
2020-10-21,42.4156,43.3123,42.4156,43.3123,605.52990765511
2020-10-22,42.4156,42.4604,42.4156,42.4604,285.48003012837
2020-10-23,43.0433,43.4468,43.0433,43.4468,134.93392049036
2020-10-26,42.7967,42.9088,42.7967,42.9088,100.36407309201
2020-10-27,42.7295,42.7295,41.8551,41.8551,10.036407309201
2020-10-28,41.6085,41.6085,40.1289,40.1289,229.72221174393
2020-10-29,39.7254,41.0256,39.7254,41.0256,276.55877918686
2020-10-30,40.667,41.0032,40.667,41.0032,266.52237187766
2020-11-02,41.3395,41.3395,40.2186,40.2186,1165.338404235
2020-11-03,40.2411,40.2411,40.1737,40.1737,1057.1682365691
2020-11-04,35.8694,39.4339,35.8694,39.4339,160.58251694721
2020-11-05,39.2098,40.1514,39.2098,40.1514,11377.940419531
2020-11-06,39.6805,39.7478,39.6805,39.7478,462.78989259092
2020-11-09,38.6493,41.9224,38.6493,41.9224,130.47329501961
2020-11-10,41.9,41.9,40.51,40.51,482.86270720932
2020-11-11,40.6221,40.6221,40.5325,40.5325,1686.1164279457
2020-11-12,40.7566,40.7566,40.4652,40.4652,167.27345515334
2020-11-13,39.4563,40.0841,39.4563,40.0841,270.98299734842
2020-11-16,39.7702,42.0793,39.7702,42.0793,297.74675017295
2020-11-17,42.4604,43.2451,42.4604,43.2451,334.54691030669
2020-11-18,43.3123,44.0297,43.3123,44.0297,3698.9736716243
2020-11-19,43.6486,43.7383,43.6486,43.7383,1634.819235032
2020-11-20,42.6173,43.8503,42.6173,43.8503,1037.0954219507
2020-11-23,43.828,43.9624,43.828,43.9624,233.06768084699
2020-11-24,43.3348,43.7832,43.3348,43.7832,3625.3733513568
2020-11-25,43.4917,43.4917,43.4917,43.4917,6722.1625844291
2020-11-26,43.3348,43.4019,43.3348,43.4019,86.982196679739
2020-11-27,43.7383,43.7607,43.7383,43.7607,434.9109833987
2020-11-30,43.7383,43.7383,43.7383,43.7383,130.47329501961
2020-12-01,43.5814,45.1954,43.5814,45.1954,168.38861152103
2020-12-02,45.1954,46.2267,45.1954,46.2267,146.08548416725
2020-12-03,45.6438,45.6438,45.6438,45.6438,0
2020-12-04,46.7647,46.7647,46.7647,46.7647,0
2020-12-07,47.6615,47.6615,46.8769,46.8769,1304.7329501961
2020-12-08,47.9305,47.9305,47.9305,47.9305,0
2020-12-09,48.2892,48.2892,48.2892,48.2892,0
2020-12-10,48.3789,48.3789,48.3789,48.3789,0
2020-12-11,49.1411,49.6791,49.1411,49.6791,557.57818384448
2020-12-14,50.2171,51.8761,50.2171,51.8761,2659.6479369382
2020-12-15,51.0242,52.0106,51.0242,52.0106,1024.8287019062
2020-12-16,52.19,52.19,52.19,52.19,1170.9141860734
2020-12-17,52.3693,52.3693,52.1003,52.1003,1105.1199603798
2020-12-18,52.1003,52.1003,51.5174,51.5174,2609.4659003922
2020-12-21,51.7865,51.7865,49.8136,49.8136,575.42068572751
2020-12-22,49.2756,49.2756,49.2756,49.2756,0
2020-12-23,49.993,49.993,49.724,49.724,586.5722494044
2020-12-24,51.2484,51.2484,51.2484,51.2484,0
2020-12-29,52.5487,54.118,52.5487,54.118,1021.4832328031
2020-12-30,54.118,54.118,54.118,54.118,0
2020-12-31,54.118,54.118,54.118,54.118,0
2021-01-04,53.6696,53.6696,51.6968,51.6968,1223.3265353548
2021-01-05,51.8761,52.5038,51.8761,52.5038,2520.2533909771
2021-01-06,52.9522,52.9522,52.2797,52.2797,782.83977011765
2021-01-07,56.315,56.315,55.463,55.463,688.05147886409
2021-01-08,56.2254,56.2254,54.8802,54.8802,1865.6566031436
2021-01-11,54.8354,54.8354,54.2973,54.2973,1865.6566031436
2021-01-12,54.9699,54.9699,54.9699,54.9699,0
2021-01-13,54.8802,54.8802,54.8802,54.8802,0
2021-01-14,54.387,54.387,54.387,54.387,0
2021-01-15,55.3735,55.3735,55.3286,55.3286,17.842501883023
2021-01-18,55.1043,55.3735,55.1043,55.3735,2093.1485021522
2021-01-19,55.6873,56.584,55.6873,56.584,1031.5196401123
2021-01-20,56.2254,57.2565,56.2254,57.2565,137.16423322574
2021-01-21,58.0188,58.0188,56.0459,56.0459,6876.0541631702
2021-01-22,56.0459,56.0459,55.777,55.777,311.12862658522
2021-01-25,56.0459,56.0459,54.0731,54.0731,776.14883191152
2021-01-26,54.3422,54.5215,54.3422,54.5215,8156.2536732771
2021-01-27,53.8489,53.8489,53.8489,53.8489,0
2021-01-28,55.3735,55.3735,55.3735,55.3735,0
2021-01-29,53.8938,57.6153,53.8938,57.6153,515.2022418723
2021-02-01,55.463,57.3462,55.463,57.3462,5459.8055762052
2021-02-02,57.0772,57.974,57.0772,57.974,5575.7818384448
2021-02-03,58.3326,59.4535,58.3326,59.4535,3.3454691030669
2021-02-04,62.1885,63.1301,62.1885,63.1301,18936.470279726
2021-02-05,63.3096,63.3096,61.1574,61.1574,15040.113931021
2021-02-08,62.368,64.4753,62.368,64.4753,3278.5597210056
2021-02-09,64.8339,64.9236,64.8339,64.9236,9932.6977670056
2021-02-10,65.5066,65.5066,65.4169,65.4169,895.47056325424
2021-02-11,65.2823,65.2823,65.1927,65.1927,9001.5421999853
2021-02-12,65.5066,65.5066,65.2823,65.2823,1867.886915879
2021-02-15,65.372,65.4617,65.372,65.4617,4886.615203213
2021-02-16,65.5066,65.5066,65.0133,65.0133,2306.1433683808
2021-02-17,65.1927,65.1927,64.7891,64.7891,1686.1164279457
2021-02-18,64.7443,65.1478,64.7443,65.1478,720.39101352707
2021-02-19,66.0446,66.9861,66.0446,66.9861,2138.8699132274
2021-02-22,66.9861,66.9861,66.762,66.762,63.563912958271
2021-02-23,67.3897,67.3897,65.3271,65.3271,5149.7921059876
2021-02-24,66.3585,66.3585,65.7307,65.7307,2200.2035134503
2021-02-25,64.565,66.8517,64.565,66.8517,7068.9762147803
2021-02-26,65.7755,67.8828,65.7755,67.8828,1159.7626223965
2021-03-01,68.6003,69.8557,68.6003,69.8557,8617.9284095003
2021-03-02,70.1246,70.1246,68.8693,68.8693,7852.9311412657
2021-03-03,69.2728,69.2728,67.7036,67.7036,5044.9674074249
2021-03-04,67.3897,67.3897,67.2103,67.2103,5675.0307551691
2021-03-05,65.9549,66.4481,65.9549,66.4481,5915.90453059
2021-03-08,65.9549,66.9861,65.9549,66.9861,157.23704784414
2021-03-09,66.0446,67.7036,66.0446,67.7036,4395.9464014299
2021-03-10,69.3625,71.0214,69.3625,71.0214,9338.3194230274
2021-03-11,71.425,72.3665,71.425,72.3665,643.44522415653
2021-03-12,73.622,73.622,73.0839,73.0839,5972.7775053421
2021-03-15,73.3978,75.2361,73.3978,75.2361,4550.9531365387
2021-03-16,75.5948,77.3434,75.5948,77.3434,418.18363788336
2021-03-17,79.0023,79.0023,78.8679,78.8679,4308.9642047502
2021-03-18,80.8855,80.8855,80.3475,80.3475,5144.2163241492
2021-03-19,80.3027,80.3027,79.0472,79.0472,1337.0724848591
2021-03-22,79.63,79.63,78.1056,78.1056,4492.9650054188
2021-03-23,78.0608,78.0608,77.4779,77.4779,5476.5329217205
2021-03-24,78.6885,78.6885,77.2537,77.2537,6593.9196021448
2021-03-25,78.9127,78.9127,75.9086,75.9086,1547.8370383523
2021-03-26,76.9847,77.3434,76.9847,77.3434,4782.905661018
2021-03-29,77.5676,79.0023,77.5676,79.0023,8039.1622546697
2021-03-30,79.2714,79.2714,79.2265,79.2265,3042.1465710555
2021-03-31,78.2402,79.2265,78.2402,79.2265,4327.9218630009
2021-04-01,79.2265,79.2265,79.2265,79.2265,0
2021-04-06,80.9752,80.9752,80.7958,80.7958,1678.3103333719
2021-04-07,80.4819,80.9752,80.4819,80.9752,2637.3448095844
2021-04-08,82.3651,82.3651,81.8719,81.8719,2288.3008664978
2021-04-09,82.1903,82.4222,82.1903,82.4222,4888.6654626588
2021-04-12,83.9529,83.9529,83.118,83.118,3486.2059771199
2021-04-13,83.9529,83.9993,83.9529,83.9993,3161.7322606347
2021-04-14,84.3239,84.3239,83.9529,83.9529,6280.3450905072
2021-04-15,84.0457,87.3852,84.0457,87.3852,1541.5196497469
2021-04-16,87.1997,88.7767,87.1997,88.7767,2302.5776026988
2021-04-19,89.7971,89.7971,89.6115,89.6115,4861.7158184325
2021-04-20,85.3444,85.3444,85.3444,85.3444,0
2021-04-21,85.3444,85.3444,84.3239,84.3239,1827.1858785461
2021-04-22,86.3184,86.3184,86.272,86.272,2354.3209196134
2021-04-23,85.8082,85.8082,85.7618,85.7618,1671.9559278024
2021-04-26,83.0716,85.669,83.0716,85.669,1062.893968287
2021-04-27,84.3239,85.5298,84.3239,85.5298,2139.8017515717
2021-04-28,86.7823,86.7823,85.4835,85.4835,1466.0606459131
2021-04-29,86.7823,88.0346,86.7823,88.0346,5987.1329613246
2021-04-30,89.4261,89.4261,87.849,87.849,4342.1266777486
2021-05-03,86.4575,88.6839,86.4575,88.6839,1255.8534209476
2021-05-04,86.5967,86.5967,85.3444,85.3444,510.96525453148
2021-05-05,83.5818,85.066,83.5818,85.066,1371.1978982364
2021-05-06,84.8341,84.8341,82.7933,82.7933,3521.7795074986
2021-05-07,81.7265,81.7265,80.4278,80.4278,4896.2113630422
2021-05-10,80.7525,82.1903,80.7525,82.1903,4927.4729503448
2021-05-11,83.4891,83.4891,78.8971,78.8971,3959.4417297345
2021-05-12,79.2682,79.2682,77.6912,77.6912,6884.0171211773
2021-05-13,77.6912,77.6912,77.6912,77.6912,0
2021-05-14,78.8971,78.8971,78.8971,78.8971,18323.602102376
2021-05-17,78.8971,78.8971,78.8971,78.8971,0
2021-05-18,78.5725,78.6653,78.5725,78.6653,4600.8432623215
2021-05-19,79.7784,79.7784,78.2941,78.2941,12750.415676368
2021-05-20,80.2422,80.2422,80.2422,80.2422,1713.9973727955
2021-05-21,80.0567,81.7265,80.0567,81.7265,7502.7809526142
2021-05-24,81.7265,81.7265,81.7265,81.7265,0
2021-05-25,80.938,82.1903,80.938,82.1903,1146.9768582732
2021-05-26,82.7933,82.7933,79.6392,79.6392,6353.6481228029
2021-05-27,80.4278,80.4278,79.2682,79.2682,13677.483437754
2021-05-28,81.4019,82.6078,81.4019,82.6078,809.56731255938
2021-05-31,81.3555,83.118,81.3555,83.118,682.36499181103
2021-06-01,79.7784,82.6078,79.7784,82.6078,2160.2834811837
2021-06-02,82.7006,83.8601,82.7006,83.8601,7736.7038644989
2021-06-03,83.4891,84.1384,83.4891,84.1384,370.82710455449
2021-06-04,84.1384,84.1384,84.1384,84.1384,4513.5264150281
2021-06-07,85.1124,85.1124,83.4891,83.4891,6301.9048058883
2021-06-08,82.886,82.886,79.8712,79.8712,1152.3667871185
2021-06-09,81.4019,82.6078,81.4019,82.6078,5423.3464041095
2021-06-10,81.7265,81.7265,81.6337,81.6337,1687.0477285691
2021-06-11,79.7784,80.1495,79.7784,80.1495,797.70946909979
2021-06-14,79.964,81.4946,79.964,81.4946,1430.4871155343
2021-06-15,81.6337,81.7265,81.6337,81.7265,2485.835183438
2021-06-16,80.4278,81.7265,80.4278,81.7265,6522.8918885443
2021-06-17,81.3091,81.3091,80.6133,80.6133,7632.1392449006
2021-06-18,79.6392,82.1903,79.6392,82.1903,1296.8168801717
2021-06-21,82.1903,82.1903,80.6133,80.6133,3479.7380625056
2021-06-22,80.8452,80.8452,80.8452,80.8452,5835.136967888
2021-06-23,81.7265,81.7265,79.2682,79.2682,1137.2749863517
2021-06-24,77.2274,79.2682,77.2274,79.2682,3126.1587302559
2021-06-25,78.3869,79.0827,78.3869,79.0827,203.73931035116
2021-06-28,77.7839,77.7839,77.7839,77.7839,0
2021-06-29,77.6912,77.6912,76.5316,76.5316,7060.8067873022
2021-06-30,76.0678,76.7172,76.0678,76.7172,256.5606130348
2021-07-01,74.5836,78.3869,74.5836,78.3869,534.68094145067
2021-07-02,79.4538,79.4538,79.4538,79.4538,1162.06865904
2021-07-05,77.9231,80.8452,77.9231,80.8452,21.559715381075
2021-07-06,77.2274,81.912,77.2274,81.912,1647.1622551142
2021-07-07,79.7784,81.8193,79.7784,81.8193,228.5329830394
2021-07-08,82.2831,82.2831,81.0307,81.0307,135.82620690077
2021-07-09,82.0976,88.7303,82.0976,88.7303,5493.415479098
2021-07-12,90.3537,90.3537,87.5707,87.5707,195.11542419873
2021-07-13,88.7767,89.9827,88.7767,89.9827,1371.1978982364
2021-07-14,89.2869,89.2869,86.5039,86.5039,5120.4324030054
2021-07-15,86.5039,86.5039,85.4372,85.4372,2104.2282211929
2021-07-16,86.5039,86.5039,85.7154,85.7154,1797.0022770126
2021-07-19,86.7823,86.7823,83.2571,83.2571,15330.035621714
2021-07-20,85.6226,85.6226,84.5559,84.5559,895.80617408368
2021-07-21,83.4891,85.8082,83.4891,85.8082,3447.3984894339
2021-07-22,86.9677,86.9677,84.6486,84.6486,1705.3734866431
2021-07-23,83.4891,85.9937,83.4891,85.9937,4632.104849624
2021-07-26,84.5559,87.5707,84.5559,87.5707,2639.9871484127
2021-07-27,87.6635,87.6635,86.3184,86.3184,3322.3521402237
2021-07-28,85.3444,85.3444,85.3444,85.3444,1642.8503120379
2021-07-29,85.9937,85.9937,85.9937,85.9937,1876.7732239226
2021-07-30,85.9937,85.9937,84.4631,84.4631,1132.9630432755
2021-08-02,83.8601,84.0457,83.8601,84.0457,891.49423100746
2021-08-03,85.8082,85.8082,84.6486,84.6486,652.18139027753
2021-08-04,84.6486,84.6486,84.5559,84.5559,199.42736727495
2021-08-05,83.2571,84.7414,83.2571,84.7414,1469.2946032203
2021-08-06,82.2831,82.2831,82.2831,82.2831,4456.3931692683
2021-08-09,84.8341,86.5039,84.8341,86.5039,498.02942530284
2021-08-10,86.0865,86.0865,86.0865,86.0865,1528.5838205182
2021-08-11,83.8601,84.6486,83.8601,84.6486,1612.6667105044
2021-08-12,85.5298,85.5298,85.5298,85.5298,2.1559715381075
2021-08-13,85.6226,85.6226,85.6226,85.6226,2386.660492685
2021-08-16,84.7414,84.7414,84.7414,84.7414,303.99198687316
2021-08-17,84.8341,84.8341,84.3239,84.3239,1720.4652874098
2021-08-18,83.4891,84.5559,83.4891,84.5559,7613.8134868267
2021-08-19,85.3444,85.3444,83.1644,83.1644,238.23485496088
2021-08-20,84.6486,85.3444,84.6486,85.3444,606.90598797727
2021-08-23,85.8082,86.3184,85.8082,86.3184,1142.664915197
2021-08-24,86.0865,86.0865,84.5559,84.5559,723.32845103508
2021-08-25,84.6486,84.6486,84.6486,84.6486,1862.7594089249
2021-08-26,84.8341,86.5039,84.8341,86.5039,3324.5081117618
2021-08-27,85.6226,88.7303,85.6226,88.7303,738.42025180183
2021-08-30,87.5707,87.5707,87.5707,87.5707,24.793672688237
2021-08-31,87.478,91.003,87.478,91.003,1198.7201751878
2021-09-01,90.7248,90.7248,89.055,89.055,263.02852764912
2021-09-02,88.3592,88.3592,87.6635,87.6635,3160.6542748656
2021-09-03,88.7767,88.7767,87.1997,87.1997,700.69074988495
2021-09-06,89.055,89.055,89.055,89.055,84.082889986194
2021-09-07,88.3592,88.3592,88.3592,88.3592,72.225046526602
2021-09-08,87.849,87.849,86.5039,86.5039,431.19430762151
2021-09-09,86.3184,86.4111,86.3184,86.4111,1103.8574275111
2021-09-10,86.5039,86.5039,86.5039,86.5039,0
2021-09-13,86.7823,86.7823,86.7823,86.7823,3555.1970663393
2021-09-14,86.6895,86.6895,86.6895,86.6895,791.24155448546
2021-09-15,85.7154,85.7154,83.0716,83.0716,1910.1907827633
2021-09-16,83.6746,83.6746,83.4891,83.4891,3006.5023098909
2021-09-17,83.9529,83.9529,83.9529,83.9529,233.92291188467
2021-09-20,85.1124,85.1124,79.964,79.964,1878.9291954607
2021-09-21,79.964,80.8452,79.964,80.8452,6587.5710346876
2021-09-22,81.1235,82.9788,81.1235,82.9788,433.35027915961
2021-09-23,84.7414,84.7414,83.7673,83.7673,1116.7932567397
2021-09-24,83.4891,83.4891,81.4019,81.4019,1115.7152709706
2021-09-27,81.1235,82.0048,81.1235,82.0048,7003.6735415423
2021-09-28,82.0048,82.886,82.0048,82.886,5624.9297429225
2021-09-29,83.2571,83.2571,83.2571,83.2571,1551.2215216684
2021-09-30,82.886,82.886,82.6078,82.6078,3291.0905529211
2021-10-01,80.938,81.912,80.938,81.912,437.66222223583
2021-10-04,82.3758,82.3758,81.4946,81.4946,2991.4105091242
2021-10-05,80.2422,82.1903,80.2422,82.1903,3727.6747893879
2021-10-06,81.6337,81.6337,81.6337,81.6337,2756.4096114705
2021-10-07,82.9788,82.9788,82.9788,82.9788,19.403743842968
2021-10-08,82.0976,82.0976,82.0976,82.0976,38.807487685936
2021-10-11,82.0048,82.0048,80.4278,80.4278,2014.7554023615
2021-10-12,81.4019,81.4019,80.5205,80.5205,54.977274221742
2021-10-13,80.5205,81.7265,80.5205,81.7265,1035.9443240607
2021-10-14,80.7525,82.1903,80.7525,82.1903,809.56731255938
2021-10-15,82.886,82.886,81.4946,81.4946,195.11542419873
2021-10-18,83.1644,83.1644,82.7006,82.7006,38.807487685936
2021-10-19,82.6078,82.6078,82.6078,82.6078,29.105615764452
2021-10-20,82.6078,82.6078,82.6078,82.6078,904.43006023611
2021-10-21,84.4631,84.8341,84.4631,84.8341,418.25847839286
2021-10-22,84.0457,85.4372,84.0457,85.4372,2094.5263492715
2021-10-25,84.2311,86.4111,84.2311,86.4111,20078.562934395
2021-10-26,86.8749,86.8749,86.8749,86.8749,902.274088698
2021-10-27,86.9677,89.2405,86.9677,89.2405,378.37300493787
2021-10-28,89.2869,91.8843,89.2869,91.8843,9354.7605038486
2021-10-29,91.606,91.606,91.606,91.606,2872.8320745283
2021-11-01,91.235,91.235,91.235,91.235,4078.0201643304
2021-11-02,92.3017,92.3017,88.7303,88.7303,708.23665026832
2021-11-03,88.7303,88.7303,86.8749,86.8749,10832.678993221
2021-11-04,86.5967,86.5967,86.5039,86.5039,4680.6142092314
2021-11-05,85.901,89.055,85.901,89.055,1736.6350739456
2021-11-08,88.4056,88.4056,88.4056,88.4056,1380.8997701579
2021-11-09,88.5448,90.1218,88.5448,90.1218,2039.5490750497
2021-11-10,90.1218,90.1218,90.1218,90.1218,5952.6374167149
2021-11-11,89.6579,89.6579,89.6579,89.6579,1587.8730378162
2021-11-12,89.4725,89.4725,89.4725,89.4725,3496.9858348104
2021-11-15,90.3537,90.3537,88.7767,88.7767,3791.2759497621
2021-11-16,88.1737,88.5912,88.1737,88.5912,3385.9533005979
2021-11-17,88.5912,88.5912,88.5448,88.5448,5248.7127095228
2021-11-18,86.6895,86.6895,86.6895,86.6895,5656.1913302251
2021-11-19,90.5392,95.0847,90.5392,95.0847,5970.9631747888
2021-11-22,94.018,95.5947,94.018,95.5947,4884.3535195826
2021-11-23,96.4765,97.7751,96.4765,97.7751,5489.1035360218
2021-11-24,97.5897,97.5897,97.5897,97.5897,8775.8821458667
2021-11-25,97.7751,97.7751,97.7751,97.7751,9167.1909800332
2021-11-26,96.0126,96.0126,94.2039,94.2039,3736.2986755403
2021-11-29,97.4043,97.4043,96.0126,96.0126,6084.1516805394
2021-11-30,95.2701,95.2701,93.5541,93.5541,47593.071703724
2021-12-01,96.1979,96.1979,94.8993,94.8993,2155.9715381075
2021-12-02,93.5541,93.5541,91.9307,91.9307,10792.793519766
2021-12-03,95.3162,95.3162,95.3162,95.3162,8950.5158404534
2021-12-06,93.8324,93.8324,91.3742,91.3742,4294.6953039102
2021-12-07,93.5541,93.5541,93.5077,93.5077,6448.5108704796
2021-12-08,94.5747,94.5747,92.7656,92.7656,3699.6471593925
2021-12-09,95.5947,95.5947,92.812,92.812,15990.840898144
2021-12-10,97.218,97.218,94.7139,94.7139,5506.3513083266
2021-12-13,96.0126,96.0126,93.6932,93.6932,8336.0639520928
2021-12-14,95.0847,95.0847,91.3742,91.3742,20224.091013218
2021-12-15,94.018,94.018,91.3742,91.3742,2587.165845729
2021-12-16,92.9511,93.8324,92.9511,93.8324,7583.6298852932
2021-12-17,95.5947,95.5947,92.9511,92.9511,4132.9974385521
2021-12-20,91.0494,91.0494,91.0494,91.0494,1398.1475424627
2021-12-21,91.5596,93.3222,91.5596,93.3222,2135.4898084955
2021-12-22,91.5596,95.6418,91.5596,95.6418,2734.8498960894
2021-12-23,96.1518,96.1518,96.1518,96.1518,2342.4630761538
2021-12-24,96.1518,96.1518,96.1518,96.1518,0
2021-12-27,97.0326,97.0326,97.0326,97.0326,3498.0638205795
2021-12-29,98.9805,99.1669,98.9805,99.1669,1065.0499398251
2021-12-30,99.723,100.187,99.723,100.187,2978.4746798956
2021-12-31,100.187,100.187,100.187,100.187,0
2022-01-04,98.9805,100.929,98.9805,100.929,38.807487685936
2022-01-05,101.115,104.64,101.115,104.64,13548.125145467
2022-01-06,103.248,103.248,101.115,101.115,3808.5237220669
2022-01-07,102.692,104.64,102.692,104.64,9357.9944611557
2022-01-10,105.011,105.011,105.011,105.011,7909.1815875475
2022-01-11,103.897,105.845,103.897,105.845,3700.7251451616
2022-01-12,107.33,107.33,105.196,105.196,758.90198141385
2022-01-13,105.568,105.568,105.196,105.196,4398.1819377394
2022-01-14,107.608,109.278,107.608,109.278,1982.4158292899
2022-01-17,110.669,112.803,110.669,112.803,1208.4220471093
2022-01-18,113.638,113.638,109.742,109.742,2951.5250356692
2022-01-19,109.556,110.298,109.556,110.298,3539.0272798035
2022-01-20,110.669,110.669,110.669,110.669,3857.0330816744
2022-01-21,110.855,110.855,110.298,110.298,5065.4551287836
2022-01-24,109.556,109.556,107.144,107.144,5484.7915929456
2022-01-25,106.217,109.927,106.217,109.927,8437.3946143838
2022-01-26,110.855,111.505,110.855,111.505,11351.190148136
2022-01-27,108.721,111.318,108.721,111.318,4860.6378326634
2022-01-28,109.556,109.742,109.556,109.742,173.55570881766
2022-01-31,111.041,111.041,111.041,111.041,212.36319650359
2022-02-01,109.556,109.556,109.556,109.556,791.24155448546
2022-02-02,109.278,115.771,109.278,115.771,2644.2990914889
2022-02-03,118.462,118.74,118.462,118.74,8109.6869405915
2022-02-04,118.926,118.926,112.432,112.432,12221.124663762
2022-02-07,113.823,114.009,113.823,114.009,15568.270476675
2022-02-08,113.823,113.823,111.505,111.505,7147.0456488265
2022-02-09,111.69,111.69,108.906,108.906,17993.738457046
2022-02-10,109.556,109.556,107.608,107.608,6025.9404490105
2022-02-11,104.825,106.959,104.825,106.959,9423.751593068
2022-02-14,106.773,106.773,104.825,104.825,5344.6534429686
2022-02-15,103.433,103.897,103.433,103.897,5606.6039848486
2022-02-16,104.64,104.64,104.64,104.64,8628.1980955063
2022-02-17,104.083,104.083,104.083,104.083,282.43227149209
2022-02-18,101.486,103.433,101.486,103.433,8085.9712536723
2022-02-21,103.433,103.433,101.3,101.3,5362.9792010425
2022-02-22,95.8272,101.856,95.8272,101.856,11811.490071522
2022-02-23,103.897,103.897,103.897,103.897,6157.4547128351
2022-02-24,99.9084,102.692,99.9084,102.692,13314.202233583
2022-02-25,102.135,106.031,102.135,106.031,10180.497602944
2022-02-28,106.588,106.588,104.268,104.268,10047.90535335
2022-03-01,103.433,105.568,103.433,105.568,9714.8077507125
2022-03-02,104.454,104.454,100.187,100.187,9742.8353807079
2022-03-03,103.897,103.897,101.856,101.856,7840.190498328
2022-03-04,100.558,100.558,96.6619,96.6619,8077.3473675199
2022-03-07,95.4555,95.4555,95.1308,95.1308,2371.5686919183
2022-03-08,94.8993,96.8472,94.8993,96.8472,4466.0950411897
2022-03-09,95.7801,97.9605,95.7801,97.9605,714.70456488265
2022-03-10,105.011,105.011,102.692,102.692,7487.6891518474
2022-03-11,107.608,107.608,105.196,105.196,6314.840635117
2022-03-14,106.588,106.588,106.588,106.588,6121.8811824563
2022-03-15,108.35,108.35,103.433,103.433,9172.5809088785
2022-03-16,106.959,106.959,106.588,106.588,6667.3419815975
2022-03-17,106.588,108.536,106.588,108.536,1332.3904105505
2022-03-18,109.093,109.093,109.093,109.093,5659.4252875323
2022-03-21,108.536,110.484,108.536,110.484,6319.1525781932
2022-03-22,111.69,113.638,111.69,113.638,3164.9662179419
2022-03-23,113.638,115.771,113.638,115.771,6785.9204161934
2022-03-24,116.143,116.143,114.194,114.194,3969.143601656
2022-03-25,115.586,115.586,113.823,113.823,5724.1044336755
2022-03-28,114.566,114.566,114.566,114.566,10579.352337494
2022-03-29,115.03,115.03,112.618,112.618,4426.2095677348
2022-03-30,112.246,112.246,112.246,112.246,2417.9220799876
2022-03-31,113.453,113.453,113.453,113.453,3021.5941106577
2022-04-01,111.318,113.267,111.318,113.267,3175.7460756324
2022-04-04,114.194,114.194,112.246,112.246,4997.5420253333
2022-04-05,112.061,112.061,112.061,112.061,4033.8227477992
2022-04-06,112.803,112.803,110.855,110.855,1438.0330159177
2022-04-07,113.823,113.823,111.69,111.69,4498.4346142614
2022-04-08,111.986,111.986,111.986,111.986,5431.1469740526
2022-04-11,111.986,111.986,111.986,111.986,986.0057636868
2022-04-12,109.325,109.719,109.325,109.719,1168.5994236288
2022-04-13,109.128,109.719,109.128,109.719,668.4956772321
2022-04-14,109.719,109.719,109.719,109.719,0
2022-04-19,113.268,113.268,111.001,111.001,3567.6772334223
2022-04-20,111.789,111.789,111.789,111.789,4670.3400576276
2022-04-21,109.522,114.057,109.522,114.057,2092.7262247797
2022-04-22,113.071,113.071,113.071,113.071,2175.9077809755
2022-04-25,111.986,111.986,110.409,110.409,13442.951008619
2022-04-26,111.395,111.395,106.663,106.663,5317.5331411998
2022-04-27,109.522,109.522,108.043,108.043,14669.371757896
2022-04-28,104.987,104.987,100.896,100.896,28887.331412046
2022-04-29,101.044,102.966,101.044,102.966,23839.631123872
2022-05-02,100.354,102.326,100.354,102.326,13259.342939455
2022-05-03,98.6288,104.1,98.6288,104.1,8440.8991354299
2022-05-04,103.3,103.3,103.3,103.3,12395
2022-05-05,105,105,103.65,103.65,9959
2022-05-06,99.3,104.65,99.3,104.65,15049
2022-05-09,104,104,99.85,99.85,17334
2022-05-10,95.7,101.15,95.7,101.15,10519
2022-05-11,98.3,100,98.3,100,4917
2022-05-12,97.55,100.05,97.55,100.05,1381
2022-05-13,100,104.65,100,104.65,9155
2022-05-16,103.25,105.4,103.25,105.4,1654
2022-05-17,105.4,105.4,105.4,105.4,0
2022-05-18,104.25,106.3,104.25,106.3,4764
2022-05-19,103.45,103.45,103.45,103.45,7072
2022-05-20,102.5,104.4,102.5,104.4,4163
2022-05-23,102.55,104.6,102.55,104.6,2230
2022-05-24,103.05,103.05,102.7,102.7,1675
2022-05-25,102.7,102.7,102.7,102.7,2660
2022-05-26,102.7,102.7,102.7,102.7,0
2022-05-27,104,106.5,104,106.5,14750
2022-05-30,106.7,106.7,104.8,104.8,2304
2022-05-31,104.85,106.9,104.85,106.9,56848
2022-06-01,106.1,106.1,104.05,104.05,964
2022-06-02,105.4,105.4,105.4,105.4,2569
2022-06-03,106.2,106.2,106.2,106.2,1952
2022-06-06,104.05,104.05,104.05,104.05,0
2022-06-07,105,106.5,105,106.5,3856
2022-06-08,106.3,106.3,106.3,106.3,7528
2022-06-09,105.6,107.3,105.6,107.3,9102
2022-06-10,106.9,106.9,105.4,105.4,3180
2022-06-13,104.65,104.65,104.65,104.65,3679
2022-06-14,106.3,106.3,104.45,104.45,2271
2022-06-15,105,105.6,105,105.6,3948
2022-06-16,105.6,105.6,101.55,101.55,16670
2022-06-17,103.1,103.1,103.1,103.1,720
2022-06-20,103.3,105.4,103.3,105.4,941
2022-06-21,106.1,106.1,105,105,2383
2022-06-22,104.2,104.2,103.25,103.25,13233
2022-06-23,100.8,102.3,100.8,102.3,2222
2022-06-24,102.55,102.55,100.85,100.85,472
2022-06-27,100,104.45,100,104.45,8978
2022-06-28,103.05,105,103.05,105,2046
2022-06-29,107.7,107.7,102.75,102.75,1092
2022-06-30,103.65,103.65,101.8,101.8,4250
2022-07-01,101.8,101.8,101.8,101.8,2832
2022-07-04,102.75,103.7,102.75,103.7,1018
2022-07-05,110.7,110.7,100.2,100.2,3065
2022-07-06,99.45,99.45,98.35,98.35,15892
2022-07-07,101.95,106.3,101.95,106.3,4717
2022-07-08,111.7,118.1,111.7,118.1,8263
2022-07-11,117.6,117.6,117,117,10887
2022-07-12,117.6,117.6,116.8,116.8,6015
2022-07-13,118.9,118.9,117,117,4363
2022-07-14,115.7,115.7,112.8,112.8,3004
2022-07-15,114.5,114.5,112.8,112.8,2515
2022-07-18,112.4,114.1,112.4,114.1,1348
2022-07-19,111.5,116.2,111.5,116.2,908
2022-07-20,113.8,113.8,113.4,113.4,1090
2022-07-21,112.8,112.8,112,112,1054
2022-07-22,113.6,113.6,113.6,113.6,2728
2022-07-25,113.6,115.7,113.6,115.7,4248
2022-07-26,114.1,114.1,114.1,114.1,171
2022-07-27,114.5,114.5,112.6,112.6,293
2022-07-28,113.2,113.2,111.7,111.7,1962
2022-07-29,111.1,114.5,111.1,114.5,921
2022-08-01,117.6,117.6,114.5,114.5,5649
2022-08-02,113.4,113.4,113.4,113.4,6187
2022-08-03,113.2,113.2,113.2,113.2,3656
2022-08-04,113.6,115.7,113.6,115.7,2811
2022-08-05,114.1,118.5,114.1,118.5,2806
2022-08-08,119.3,119.3,117,117,9577
2022-08-09,115.1,117.2,115.1,117.2,967
2022-08-10,118.9,118.9,118.9,118.9,1369
2022-08-11,117.6,119.1,117.6,119.1,1975
2022-08-12,118.7,118.7,118.7,118.7,979
2022-08-15,118.3,118.3,116.2,116.2,547
2022-08-16,117.4,120,117.4,120,1330
2022-08-17,119.5,119.5,117.4,117.4,1655
2022-08-18,118.5,118.5,118.5,118.5,571
2022-08-19,119.3,119.3,119.3,119.3,5298
2022-08-22,120.4,120.4,120.4,120.4,4128
2022-08-23,120.6,120.6,120.6,120.6,6296
2022-08-24,120.8,122.5,120.8,122.5,5214
2022-08-25,120.8,123.1,120.8,123.1,2678
2022-08-26,122.1,122.1,121,121,2585
2022-08-29,119.8,120.2,119.8,120.2,3455
2022-08-30,120,120,116.8,116.8,3768
2022-08-31,116,120.4,116,120.4,16886
2022-09-01,121.6,121.6,120.2,120.2,6945
2022-09-02,121.4,124.2,121.4,124.2,2398
2022-09-05,122.9,122.9,122.9,122.9,4446
2022-09-06,124.6,124.6,119.5,119.5,4628
2022-09-07,124.6,124.6,118.5,118.5,3299
2022-09-08,120,121.8,120,121.8,7983
2022-09-09,121.8,123.7,121.8,123.7,7201
2022-09-12,125.8,125.8,123.5,123.5,5858
2022-09-13,124.8,127.3,124.8,127.3,15468
2022-09-14,125,126.1,125,126.1,5882
2022-09-15,125.2,125.2,122.7,122.7,3054
2022-09-16,125,125,122.3,122.3,952
2022-09-19,118.2,119.8,118.2,119.8,6018
2022-09-20,120,120,119.3,119.3,6356
2022-09-21,119.7,121.2,119.7,121.2,419
2022-09-22,118.7,118.7,118.7,118.7,5165
2022-09-23,119.7,119.7,117.6,117.6,2240
2022-09-26,114.5,116.2,114.5,116.2,133
2022-09-27,117,117,115.5,115.5,1665
2022-09-28,112.6,112.6,110.9,110.9,3763
2022-09-29,113.6,113.6,110.7,110.7,4728
2022-09-30,111.7,113,111.7,113,4573
2022-10-03,111.7,113.6,111.7,113.6,8742
2022-10-04,112,114.1,112,114.1,17810
2022-10-05,116.4,116.4,114.1,114.1,3827
2022-10-06,115.7,115.7,115.7,115.7,7850
2022-10-07,113.4,114.7,113.4,114.7,1977
2022-10-10,112.8,112.8,112.8,112.8,6386
2022-10-11,112.6,112.6,112.6,112.6,1498
2022-10-12,110.1,110.1,110.1,110.1,3989
2022-10-13,110.1,112,110.1,112,2618
2022-10-14,112.8,114.1,112.8,114.1,2507
2022-10-17,112.4,114.5,112.4,114.5,4538
2022-10-18,112.8,116.4,112.8,116.4,3002
2022-10-19,114.9,116.6,114.9,116.6,4006
2022-10-20,116.6,116.6,116.2,116.2,5634
2022-10-21,118.9,118.9,117.4,117.4,2706
2022-10-24,117.4,119.5,117.4,119.5,3377
2022-10-25,120.2,120.2,117.8,117.8,8149
2022-10-26,119.3,119.3,119.3,119.3,7100
2022-10-27,121,121.2,121,121.2,14645
2022-10-28,121,127.3,121,127.3,6311
2022-10-31,129,129,123.3,123.3,9263
2022-11-01,124.8,124.8,124.8,124.8,10679
2022-11-02,119.7,121.6,119.7,121.6,14073
2022-11-03,121.6,123.7,121.6,123.7,9563
2022-11-04,123.3,123.3,123.3,123.3,7327
2022-11-07,124,124,124,124,3818
2022-11-08,122.3,124.4,122.3,124.4,5014
2022-11-09,122.7,122.7,122.7,122.7,1146
2022-11-10,122.9,122.9,121.2,121.2,6362
2022-11-11,123.3,123.3,123.3,123.3,6858
2022-11-14,122.3,122.7,122.3,122.7,12049
2022-11-15,122.1,122.7,122.1,122.7,6515
2022-11-16,121.2,122.9,121.2,122.9,1147
2022-11-17,121.2,121.2,121.2,121.2,4383
2022-11-18,121.2,122.3,121.2,122.3,4884
2022-11-21,121.2,121.2,121.2,121.2,5626
2022-11-22,120.8,120.8,120.8,120.8,5652
2022-11-23,120.4,120.4,120.4,120.4,10993
2022-11-24,121.4,121.4,121.4,121.4,5546
2022-11-25,121.8,121.8,121.8,121.8,1598
2022-11-28,121.4,121.4,119.1,119.1,2671
2022-11-29,120,120,120,120,6427
2022-11-30,121.6,121.6,121,121,7453
2022-12-01,122.1,122.1,122.1,122.1,7730
2022-12-02,121.4,122.5,121.4,122.5,3749
2022-12-05,122.3,122.3,122.3,122.3,4934
2022-12-06,123.3,125.6,123.3,125.6,11806
2022-12-07,128.4,128.4,125.2,125.2,3433
2022-12-08,126.7,126.7,125,125,8800
2022-12-09,126.1,126.1,124.2,124.2,11449
2022-12-12,124.6,124.6,121.8,121.8,5164
2022-12-13,123.3,123.3,122.5,122.5,7698
2022-12-14,122.9,122.9,122.9,122.9,3378
2022-12-15,122.9,122.9,116.4,116.4,2414
2022-12-16,117.2,117.2,117.2,117.2,5433
2022-12-19,118.9,118.9,118.9,118.9,8470
2022-12-20,119.7,119.7,119.7,119.7,8730
2022-12-21,120.2,120.2,120.2,120.2,4123
2022-12-22,120.6,122.5,120.6,122.5,4271
2022-12-23,122.1,122.1,122.1,122.1,790
2022-12-28,121.2,121.2,121.2,121.2,2043
2022-12-29,122.5,122.5,122.5,122.5,1076
2022-12-30,122.1,124,122.1,124,3792
2023-01-02,127,127,127,127,10081
2023-01-03,127.3,127.3,127.3,127.3,10727
2023-01-04,126.3,126.3,126.1,126.1,14916
2023-01-05,127.7,127.7,125.6,125.6,5561
2023-01-06,124.4,124.4,124.4,124.4,13316
2023-01-09,124.8,127.1,124.8,127.1,7012
2023-01-10,128,128,128,128,7950
2023-01-11,128.2,131.1,128.2,131.1,23396
2023-01-12,130.9,130.9,130.9,130.9,6685
2023-01-13,130.5,132.8,130.5,132.8,6709
2023-01-16,132.6,132.6,132.6,132.6,7094
2023-01-17,134.7,134.7,132,132,1756
2023-01-18,134.7,134.7,132.2,132.2,5639
2023-01-19,133.8,133.8,133.8,133.8,7512
2023-01-20,135.5,141.6,135.5,141.6,16592
2023-01-23,142.7,142.7,142.7,142.7,8387
2023-01-24,143.7,143.7,143.7,143.7,5078
2023-01-25,144.6,144.6,141.6,141.6,3544
2023-01-26,144.2,144.2,144.2,144.2,16660
2023-01-27,143.5,143.5,143.5,143.5,2136
2023-01-30,146.5,146.5,143.7,143.7,7410
2023-01-31,144,144,144,144,5471
2023-02-01,142.7,145.4,142.7,145.4,1725
2023-02-02,149,149,146.3,146.3,8357
2023-02-03,143.5,146.3,143.5,146.3,10028
2023-02-06,147.1,147.1,147.1,147.1,20230
2023-02-07,148.8,148.8,148.8,148.8,12781
2023-02-08,143.1,143.1,143.1,143.1,9504
2023-02-09,144.8,144.8,141.4,141.4,13738
2023-02-10,141.4,141.4,141,141,6992
2023-02-13,141,141,141,141,7427
2023-02-14,142.7,142.7,142.7,142.7,10022
2023-02-15,144.6,144.6,144.6,144.6,3392
2023-02-16,145.2,145.2,142.3,142.3,15788
2023-02-17,142.7,142.7,142.7,142.7,3418
2023-02-20,141.6,141.6,141.6,141.6,9778
2023-02-21,144.8,144.8,140.2,140.2,17711
2023-02-22,138.9,138.9,138.9,138.9,8676
2023-02-23,138.9,138.9,138.9,138.9,11955
2023-02-24,139.3,139.3,139.3,139.3,6703
2023-02-27,140,143.1,140,143.1,9859
2023-02-28,144.2,146.9,144.2,146.9,7807
2023-03-01,144.4,146.9,144.4,146.9,8870
2023-03-02,146.5,146.5,146.5,146.5,4443
2023-03-03,144.8,144.8,144.8,144.8,10792
2023-03-06,145,147.5,145,147.5,5370
2023-03-07,146.9,146.9,146.9,146.9,10075
2023-03-08,145.2,145.2,145.2,145.2,5917
2023-03-09,147.3,147.3,147.3,147.3,10837
2023-03-10,152.4,152.4,149.2,149.2,3524
2023-03-13,152,152,142.7,142.7,8718
2023-03-14,141.6,144.4,141.6,144.4,6543
2023-03-15,140.2,140.2,140.2,140.2,10024
2023-03-16,134.3,135.1,134.3,135.1,12694
2023-03-17,139.3,139.3,136.4,136.4,14588
2023-03-20,134.7,138.1,134.7,138.1,7037
2023-03-21,141.4,143.3,141.4,143.3,7993
2023-03-22,143.5,143.5,143.5,143.5,1354
2023-03-23,140.8,140.8,140.8,140.8,4275
2023-03-24,138.5,138.5,136.2,136.2,5614
2023-03-27,142.1,142.1,137.2,137.2,3109
2023-03-28,139.1,139.1,136.6,136.6,4422
2023-03-29,136.6,138.3,136.6,138.3,5621
2023-03-30,138.1,140.6,138.1,140.6,2940
2023-03-31,143.7,143.7,141.4,141.4,1650
2023-04-03,140.2,142.9,140.2,142.9,4234
2023-04-04,144.6,144.6,144.6,144.6,3743
2023-04-05,143.3,144.6,143.3,144.6,4100
2023-04-06,144.6,144.6,144.6,144.6,0
2023-04-11,146.7,146.7,144,144,6814
2023-04-12,145.4,145.4,145.4,145.4,1890
2023-04-13,144,144,144,144,7644
2023-04-14,144.8,144.8,144.8,144.8,3138
2023-04-17,143.5,143.5,143.5,143.5,5315
2023-04-18,142.9,142.9,142.9,142.9,6105
2023-04-19,142.5,142.5,142.5,142.5,6875
2023-04-20,142.1,142.1,142.1,142.1,1652
2023-04-21,142.5,142.5,142.5,142.5,3691
2023-04-24,143.5,143.5,143.5,143.5,6595
2023-04-25,145,145,145,145,4142
2023-04-26,145,145,142.7,142.7,5081
2023-04-27,143.7,143.7,143.7,143.7,8610
2023-04-28,150.7,153.8,150.7,153.8,16064
2023-05-02,156.6,158.5,156.6,158.5,19045
2023-05-03,158.3,158.3,154.5,154.5,4281
2023-05-04,157.4,157.4,157.4,157.4,15204
2023-05-05,158.1,158.1,155.3,155.3,13918
2023-05-08,154.8,155,154.8,155,7606
2023-05-09,155.3,155.3,154.1,154.1,21380
2023-05-10,156.6,156.6,156.6,156.6,7744
2023-05-11,156,156,152.8,152.8,5375
2023-05-12,154.9,157.2,154.9,157.2,10146
2023-05-15,157,157,157,157,10103
2023-05-16,156.6,159.7,156.6,159.7,5831
2023-05-17,159.7,159.7,159.7,159.7,0
2023-05-18,159.7,159.7,159.7,159.7,0
2023-05-19,160.4,160.4,160.4,160.4,8642
2023-05-22,162.9,162.9,160,160,1964
2023-05-23,160.2,160.2,160.2,160.2,2245
2023-05-24,162.3,162.3,162.3,162.3,8015
2023-05-25,162.1,165,162.1,165,13482
2023-05-26,169.6,172.8,169.6,172.8,48499
2023-05-30,172.2,172.2,172.2,172.2,16960
2023-05-31,169.2,169.2,169.2,169.2,43572
2023-06-01,169.4,169.4,169.4,169.4,13031
2023-06-02,170.3,170.3,170.3,170.3,9995
2023-06-05,168.8,168.8,168.8,168.8,6263
2023-06-06,168,168,168,168,8328
2023-06-07,170.5,170.5,170.5,170.5,14361
2023-06-08,170.1,170.1,170.1,170.1,9430
2023-06-09,170.1,170.1,170.1,170.1,16270
2023-06-12,168,168,168,168,1077
2023-06-13,166.3,166.3,166.3,166.3,3882
2023-06-14,163.3,163.3,163.3,163.3,3213
2023-06-15,161.8,161.8,161.8,161.8,16104
2023-06-16,162.5,162.5,162.5,162.5,19485
2023-06-19,162.9,162.9,162.9,162.9,10627
2023-06-20,160,162.7,160,162.7,7841
2023-06-21,164,164,164,164,8367
2023-06-22,162.3,162.3,159.3,159.3,3761
2023-06-23,160,160,156.6,156.6,6968
2023-06-26,157.4,157.4,157.4,157.4,8834
2023-06-27,158.5,158.5,155.7,155.7,1402
2023-06-28,161.2,162.1,161.2,162.1,2777
2023-06-29,160.2,162.9,160.2,162.9,4634
2023-06-30,163.3,163.3,163.3,163.3,14691
2023-07-03,164.2,164.2,164.2,164.2,9729
2023-07-04,163.5,163.5,163.5,163.5,6464
2023-07-05,164.4,164.4,161.4,161.4,18173
2023-07-06,161.4,164.4,161.4,164.4,27069
2023-07-07,165.2,165.2,165.2,165.2,11864
2023-07-10,162.9,162.9,162.9,162.9,21673
2023-07-11,164.4,164.4,160.4,160.4,16696
2023-07-12,164.4,164.4,164.4,164.4,22279
2023-07-13,160.8,160.8,154.7,154.7,13945
2023-07-14,154.7,154.7,154.7,154.7,35397
2023-07-17,157,157,152.4,152.4,21896
2023-07-18,154.3,154.3,154.3,154.3,29692
2023-07-19,154.5,154.5,154.5,154.5,15694
2023-07-20,156.6,156.6,156.6,156.6,17375
2023-07-21,154.3,156.8,154.3,156.8,6427
2023-07-24,159.3,159.3,159.3,159.3,17346
2023-07-25,160.6,160.6,160.6,160.6,10281
2023-07-26,158.5,158.5,158.5,158.5,12508
2023-07-27,161,164,161,164,6657
2023-07-28,166.3,166.3,166.3,166.3,34898
2023-07-31,165.4,165.4,165.4,165.4,10084
2023-08-01,166.5,166.5,166.5,166.5,21093
2023-08-02,165,165,165,165,13056
2023-08-03,165.6,165.6,165.6,165.6,12582
2023-08-04,166.9,166.9,166.9,166.9,41515
2023-08-07,168.2,168.2,168.2,168.2,13160
2023-08-08,168.8,168.8,165.8,165.8,37596
2023-08-09,163.1,163.1,163.1,163.1,17279
2023-08-10,168,168,164.8,164.8,21777
2023-08-11,164,164,164,164,28082
2023-08-14,165.4,168.6,165.4,168.6,30981
2023-08-15,168.2,171.5,168.2,171.5,22929
2023-08-16,170.7,173.8,170.7,173.8,11325
2023-08-17,177.2,177.2,177.2,177.2,14791
2023-08-18,174.9,174.9,171.1,171.1,5548
2023-08-21,174.9,178.3,174.9,178.3,15624
2023-08-22,178.9,178.9,178.9,178.9,8345
2023-08-23,177,177,177,177,32017
2023-08-24,178.1,178.1,178.1,178.1,4741
2023-08-25,176.4,176.4,176.4,176.4,25190
2023-08-28,180.4,180.4,175.2,175.2,4781
2023-08-29,174.5,174.5,174.5,174.5,51529
2023-08-30,172,172,172,172,9017
2023-08-31,172.4,172.4,172.4,172.4,27801
2023-09-01,169.4,172.6,169.4,172.6,11338
2023-09-04,172.6,172.6,172.6,172.6,17553
2023-09-05,172.8,172.8,172.8,172.8,28846
2023-09-06,172,172,168.6,168.6,23249
2023-09-07,167.7,167.7,167.7,167.7,16652
2023-09-08,172.4,172.4,169.2,169.2,13289
2023-09-11,169.6,169.6,169.6,169.6,12175
2023-09-12,168.6,168.6,168.6,168.6,14298
2023-09-13,167.7,167.7,167.7,167.7,76725
2023-09-14,168,168,165.4,165.4,72602
2023-09-15,164.8,164.8,164.8,164.8,1129814
2023-09-18,160.8,167.5,160.8,167.5,31840
2023-09-19,170.1,173,170.1,173,178873
2023-09-20,172.6,172.6,172.6,172.6,48943
2023-09-21,173.8,173.8,173.8,173.8,108650
2023-09-22,174.3,174.3,174.3,174.3,60246
2023-09-25,174.5,174.5,171.3,171.3,152899
2023-09-26,171.5,171.5,171.5,171.5,35323
2023-09-27,173.2,173.2,173.2,173.2,52411
2023-09-28,174.3,174.3,174.1,174.1,79138
2023-09-29,175.1,175.1,175.1,175.1,16645
2023-10-02,174.1,174.1,170.7,170.7,19236
2023-10-03,167.3,170.3,167.3,170.3,7972
2023-10-04,169.2,169.2,169.2,169.2,16305
2023-10-05,166.1,166.1,166.1,166.1,5436
2023-10-06,169.2,172.4,169.2,172.4,62764
2023-10-09,175.5,175.5,175.5,175.5,11842
2023-10-10,173.6,177.2,173.6,177.2,7659
2023-10-11,176.8,180.4,176.8,180.4,12663
2023-10-12,178.7,178.7,178.7,178.7,47091
2023-10-13,178.3,178.3,178.3,178.3,11217
2023-10-16,177.4,177.4,177.4,177.4,7355
2023-10-17,176.6,176.6,169,169,46974
2023-10-18,168.8,168.8,168.8,168.8,15409
2023-10-19,171.3,171.3,168.8,168.8,14645
2023-10-20,162.1,165.2,162.1,165.2,36073
2023-10-23,167.7,167.7,167.7,167.7,35960
2023-10-24,165,168.4,165,168.4,25102
2023-10-25,171.1,171.1,171.1,171.1,32691
2023-10-26,169,172.2,169,172.2,28187
2023-10-27,171.5,171.5,171.5,171.5,36639
2023-10-30,174.3,174.3,174.3,174.3,39356
2023-10-31,177,177,177,177,15141
2023-11-01,175.7,176.4,175.7,176.4,4336
2023-11-02,176,182.9,176,182.9,20528
2023-11-03,182.1,182.1,178.3,178.3,19229
2023-11-06,176.4,176.4,176.4,176.4,51798
2023-11-07,177.6,177.6,177.6,177.6,5895
2023-11-08,177.6,181,177.6,181,13393
2023-11-09,180.8,184.2,180.8,184.2,8044
2023-11-10,185.6,185.6,185.6,185.6,37226
2023-11-13,185.2,185.2,185.2,185.2,17044
2023-11-14,183.3,183.3,183.3,183.3,19964
2023-11-15,183.7,183.7,183.7,183.7,75577
2023-11-16,183.3,183.3,183.3,183.3,14442
2023-11-17,182.5,182.5,182.5,182.5,23268
2023-11-20,186.5,186.5,183.1,183.1,20579
2023-11-21,184,184,184,184,16643
2023-11-22,185.6,185.8,185.6,185.8,13872
2023-11-23,188.2,188.2,188.2,188.2,15796
2023-11-24,191.5,191.5,191.5,191.5,14422
2023-11-27,192.5,192.5,188.6,188.6,21119
2023-11-28,188.2,188.2,188.2,188.2,19675
2023-11-29,190.6,190.6,190.6,190.6,16340
2023-11-30,191.5,191.5,191.5,191.5,31571
2023-12-01,194.3,194.3,194.3,194.3,10607
2023-12-04,194.3,194.3,190.5,190.5,8016
2023-12-05,190.3,190.3,190.3,190.3,26893
2023-12-06,190.3,190.3,190.3,190.3,8965
2023-12-07,188.8,188.8,188.8,188.8,10540
2023-12-08,187.3,187.3,187.3,187.3,12979
2023-12-11,186.1,186.1,186.1,186.1,5387
2023-12-12,186.5,186.5,186.5,186.5,12013
2023-12-13,186.9,186.9,185.6,185.6,12589
2023-12-14,185.4,185.4,181.6,181.6,8254
2023-12-15,180.2,180.2,180.2,180.2,10584
2023-12-18,178.9,178.9,178.9,178.9,5221
2023-12-19,182.5,182.5,180,180,10896
2023-12-20,178.1,178.1,178.1,178.1,35873
2023-12-21,174.9,174.9,174.9,174.9,5441
2023-12-22,175.1,175.1,175.1,175.1,12936
2023-12-27,180,180,176,176,13050
2023-12-28,177.2,177.2,177.2,177.2,3654
2023-12-29,177,177,177,177,7940
2024-01-02,180.2,180.2,180.2,180.2,8687
2024-01-03,184.2,184.2,180.6,180.6,31413
2024-01-04,179.5,179.5,179.5,179.5,13415
2024-01-05,179.1,179.1,175.7,175.7,13597
2024-01-08,181.6,181.6,180,180,20163
2024-01-09,177.4,180.8,177.4,180.8,10940
2024-01-10,180,180,180,180,3755
2024-01-11,181.8,181.8,181.8,181.8,9676
2024-01-12,184,184,184,184,9484
2024-01-15,183.1,183.1,183.1,183.1,13103
2024-01-16,179.5,179.5,179.5,179.5,21901
2024-01-17,180.4,180.4,180.4,180.4,2695
2024-01-18,177.4,177.4,177.4,177.4,10189
2024-01-19,179.3,179.3,179.3,179.3,11744
2024-01-22,183.5,194.95,183.5,194.95,25141
2024-01-23,194.5,194.5,194.5,194.5,7213
2024-01-24,194.5,194.5,194.5,194.5,7515
2024-01-25,193.5,193.5,193.5,193.5,7548
2024-01-26,192.5,192.5,189,189,8979
2024-01-29,193.85,193.85,189.4,189.4,10254
2024-01-30,188,188,188,188,17393
2024-01-31,190.1,190.1,190.1,190.1,12816
2024-02-01,203,213,203,213,19550
2024-02-02,218.25,222.5,218.25,222.5,26247
2024-02-05,226.75,226.75,222,222,159439
2024-02-06,222.5,226.75,222.5,226.75,26383
2024-02-07,224.5,224.5,224.5,224.5,18415
2024-02-08,224.5,224.5,224.5,224.5,36569
2024-02-09,224,224,220,220,13566
2024-02-12,221.5,221.5,221.5,221.5,6051
2024-02-13,220.5,220.5,220,220,7659
2024-02-14,217.25,217.25,217.25,217.25,7303
2024-02-15,220,220,220,220,10299
2024-02-16,218.25,218.75,218.25,218.75,6926
2024-02-19,218.75,218.75,218.75,218.75,304599
2024-02-20,218.25,218.25,218.25,218.25,5743
2024-02-21,216.25,217.75,216.25,217.75,5538
2024-02-22,218.75,218.75,215.25,215.25,11451
2024-02-23,215.25,215.25,215.25,215.25,2868
2024-02-26,213.5,213.5,213.5,213.5,4404
2024-02-27,216.75,216.75,213,213,9115
2024-02-28,215.25,215.25,215.25,215.25,7217
2024-02-29,215.75,215.75,215.75,215.75,29929
2024-03-01,216.75,216.75,216.75,216.75,10685
2024-03-04,216.25,216.25,212,212,8072
2024-03-05,211.5,211.5,211.5,211.5,2637
2024-03-06,211.5,211.5,211.5,211.5,2455
2024-03-07,209.25,209.25,209.25,209.25,2026
2024-03-08,211,211,210.5,210.5,4436
2024-03-11,210.5,212.5,210.5,212.5,7387
2024-03-12,212.5,212.5,212.5,212.5,3992
2024-03-13,215.25,215.25,215.25,215.25,5678
2024-03-14,215.75,215.75,215.75,215.75,1735
2024-03-15,215.25,215.25,215.25,215.25,5714
2024-03-18,215.75,215.75,215.75,215.75,2146
2024-03-19,212.5,212.5,212.5,212.5,3036
2024-03-20,214,214,214,214,1615
2024-03-21,215.25,215.25,215.25,215.25,4536
2024-03-22,215.75,215.75,215.75,215.75,4411
2024-03-25,219.25,223,219.25,223,2319
2024-03-26,226.25,226.25,226.25,226.25,4282
2024-03-27,229.25,229.25,226.25,226.25,2681
2024-03-28,226.25,226.25,226.25,226.25,0
2024-04-02,227.25,227.25,227.25,227.25,10411
2024-04-03,226.75,227.25,226.75,227.25,5227
2024-04-04,232,232,227.25,227.25,5785
2024-04-05,224,224.5,224,224.5,17897
2024-04-08,223.5,227.25,223.5,227.25,3686
2024-04-09,226.25,231,226.25,231,5354
2024-04-10,230,230,230,230,6371
2024-04-11,233.5,233.5,229.25,229.25,14137
2024-04-12,231,231,231,231,4733
2024-04-15,230,230,230,230,11097
2024-04-16,225.25,225.25,220.5,220.5,35745
2024-04-17,217.25,221.5,217.25,221.5,5653
2024-04-18,219.25,219.25,219.25,219.25,16031
2024-04-19,225.25,225.25,218.75,218.75,6562
2024-04-22,218.25,222.5,218.25,222.5,4504
2024-04-23,225.25,225.25,225.25,225.25,11664
2024-04-24,226.25,226.25,226.25,226.25,11490
2024-04-25,217.75,225.25,217.75,225.25,36510
2024-04-26,225.25,225.25,225.25,225.25,16630
2024-04-29,225.25,225.25,225.25,225.25,152595
2024-04-30,225.75,225.75,225.75,225.75,9106
2024-05-01,225.75,225.75,225.75,225.75,0
2024-05-02,227.75,227.75,223,223,162
2024-05-03,223.5,223.5,223.5,223.5,166
2024-05-06,225,225,225,225,1
2024-05-07,226.25,230.5,226.25,230.5,1030
2024-05-08,228.25,238.25,228.25,238.25,305
2024-05-09,238.25,238.25,238.25,238.25,0
2024-05-10,242.5,242.5,239.25,239.25,541
2024-05-13,241,241,236.25,236.25,54
2024-05-14,237.75,237.75,237.75,237.75,431
2024-05-15,239.25,239.25,234.5,234.5,143
2024-05-16,234.5,234.5,234.5,234.5,128
2024-05-17,234.5,234.5,234.5,234.5,0
2024-05-20,234.5,234.5,234.5,234.5,0
2024-05-21,234.5,239.25,234.5,239.25,478
2024-05-22,236.25,236.25,236.25,236.25,1113
2024-05-23,240,244.5,240,244.5,233
2024-05-24,244,244,244,244,75
2024-05-27,245,246,245,246,28
2024-05-28,245.75,245.75,241,241,337
2024-05-29,240,240,240,240,691
2024-05-30,236.75,238.25,236.75,238.25,889
2024-05-31,237.75,242.5,237.75,242.5,17935
2024-06-03,240,240,240,240,105
2024-06-04,241.5,241.5,241.5,241.5,151257
2024-06-05,240,240,240,240,82
2024-06-06,238.75,243,238.75,243,488
2024-06-07,245.25,245.25,245.25,245.25,99
2024-06-10,248.25,248.25,248.25,248.25,940
2024-06-11,249.25,249.25,244.5,244.5,724
2024-06-12,243.5,248.25,243.5,248.25,81
2024-06-13,250,250,250,250,281
2024-06-14,247.75,247.75,247.75,247.75,173
2024-06-17,248.75,248.75,248.75,248.75,195
2024-06-18,252,252,249.25,249.25,8186
2024-06-19,250,252,250,252,6722
2024-06-20,253.5,253.5,253.5,253.5,9269
2024-06-21,255.25,255.25,255.25,255.25,6740
2024-06-24,257.75,257.75,257.75,257.75,93
2024-06-25,262.5,262.5,262.5,262.5,800
2024-06-26,261.5,261.5,261.5,261.5,1896
2024-06-27,260,260,260,260,534
2024-06-28,258.75,258.75,258.75,258.75,296
2024-07-01,258.75,258.75,258.75,258.75,1482
2024-07-02,256.25,260,256.25,260,785
2024-07-03,260,260,254.5,254.5,4
2024-07-04,256.75,256.75,256.75,256.75,309
2024-07-05,257.75,257.75,257.75,257.75,100
2024-07-08,256.25,256.25,251,251,16080
2024-07-09,257.75,257.75,257.75,257.75,562
2024-07-10,259.25,259.25,259.25,259.25,0
2024-07-11,257.25,262,257.25,262,991
2024-07-12,243,243,232.5,232.5,4985
2024-07-15,230.5,230.5,225.25,225.25,1512
2024-07-16,224.5,224.5,224.5,224.5,9289
2024-07-17,225.25,225.25,225.25,225.25,1146
2024-07-18,224.5,229.25,224.5,229.25,742
2024-07-19,227.75,227.75,227.75,227.75,2605
2024-07-22,224.5,225.25,224.5,225.25,10337
2024-07-23,226.25,226.25,226.25,226.25,842
2024-07-24,225.25,225.25,225.25,225.25,1776
2024-07-25,224.5,224.5,224.5,224.5,3531
2024-07-26,222.5,222.5,222.5,222.5,353
2024-07-29,223.5,227.75,223.5,227.75,228
2024-07-30,226.25,226.25,226.25,226.25,1074
2024-07-31,226.25,226.25,226.25,226.25,5602
2024-08-01,225.25,225.25,225.25,225.25,0
2024-08-02,221,221,213,213,1734
2024-08-05,205.35,205.45,205.35,205.45,12128
2024-08-06,211.5,211.5,207.15,207.15,2502
2024-08-07,211.5,211.5,211.5,211.5,7375
2024-08-08,210.05,210.05,210.05,210.05,1192
2024-08-09,208.15,208.15,208.15,208.15,571
2024-08-12,210.5,210.5,210.5,210.5,315
2024-08-13,216.25,216.25,216.25,216.25,733
2024-08-14,216.25,216.25,216.25,216.25,32
2024-08-15,220.5,220.5,216.25,216.25,3532
2024-08-16,218.75,222.5,218.75,222.5,191
2024-08-19,221.5,221.5,221.5,221.5,77
2024-08-20,221.5,221.5,216.75,216.75,2552
2024-08-21,217.75,217.75,217.75,217.75,489
2024-08-22,217.75,217.75,217.75,217.75,77
2024-08-23,218.75,218.75,218.75,218.75,387
2024-08-26,219.5,220.5,219.5,220.5,5082
2024-08-27,220.5,220.5,220.5,220.5,2500
2024-08-28,223,223,223,223,116
2024-08-29,220.5,220.5,220.5,220.5,0
2024-08-30,223.5,223.5,223.5,223.5,112
2024-09-02,225.25,225.25,225.25,225.25,398
2024-09-03,226.75,226.75,226.75,226.75,742
2024-09-04,222,222,222,222,285
2024-09-05,225.25,225.25,221,221,3026
2024-09-06,220,223.5,220,223.5,4626
2024-09-09,221.5,221.5,221.5,221.5,4
2024-09-10,223.5,223.5,223.5,223.5,0
2024-09-11,228.25,228.25,222.5,222.5,458
2024-09-12,222.5,222.5,222.5,222.5,694
2024-09-13,224.5,224.5,220,220,1977
2024-09-16,220,220,220,220,258
2024-09-17,228.25,238.25,228.25,238.25,3003
2024-09-18,236.25,236.25,236.25,236.25,3118
2024-09-19,233,233,233,233,2592
2024-09-20,233.5,233.5,233.5,233.5,375
2024-09-23,235.25,235.25,235.25,235.25,1246
2024-09-24,240.5,240.5,240.5,240.5,694
2024-09-25,240.5,240.5,236.25,236.25,409
2024-09-26,238.25,238.25,238.25,238.25,3640
2024-09-27,237.75,237.75,237.75,237.75,396
2024-09-30,238.25,238.25,238.25,238.25,3064
2024-10-01,240.5,240.5,240.5,240.5,739
2024-10-02,243,243,238.75,238.75,644
2024-10-03,239.25,239.25,239.25,239.25,471
2024-10-04,240.5,240.5,240.5,240.5,82
2024-10-07,238.75,238.75,238.75,238.75,741
2024-10-08,240,240,240,240,579
2024-10-09,243.5,243.5,243.5,243.5,1158
2024-10-10,243.5,243.5,243.5,243.5,200
2024-10-11,244,248.25,244,248.25,339
2024-10-14,253,253,253,253,4258
2024-10-15,254,254,254,254,951
2024-10-16,254,254,254,254,122
2024-10-17,256.75,256.75,256.75,256.75,5480
2024-10-18,257.75,257.75,257.75,257.75,942
2024-10-21,255.25,255.25,250,250,1399
2024-10-22,251.5,251.5,251.5,251.5,1912
2024-10-23,254.5,259.25,254.5,259.25,8122
2024-10-24,273.5,275.25,273.5,275.25,16601
2024-10-25,281,286.75,281,286.75,8826
2024-10-28,288.75,288.75,288.75,288.75,12488
2024-10-29,292,292,292,292,8567
2024-10-30,290.5,290.5,284,284,9436
2024-10-31,286.75,286.75,286.75,286.75,11019
2024-11-01,286.75,286.75,286.75,286.75,3610
2024-11-04,289.25,289.25,283.5,283.5,2684
2024-11-05,283.5,289.25,283.5,289.25,457
2024-11-06,291,296.75,291,296.75,367
2024-11-07,293.5,293.5,288.25,288.25,1750
2024-11-08,287.75,287.75,287.75,287.75,2176
2024-11-11,288.75,288.75,288.75,288.75,226
2024-11-12,285.75,285.75,285.75,285.75,1891
2024-11-13,284.5,284.5,284.5,284.5,416
2024-11-14,281.5,281.5,281.5,281.5,165
2024-11-15,281.5,281.5,281.5,281.5,918
2024-11-18,284,284,278.75,278.75,176
2024-11-19,281,281,281,281,4370
2024-11-20,279.25,279.25,279.25,279.25,0
2024-11-21,281,281,281,281,1310
2024-11-22,283,283,283,283,132
2024-11-25,284,290,284,290,6540
2024-11-26,291,291,286.25,286.25,538
2024-11-27,285.25,285.25,285.25,285.25,1618
2024-11-28,287.75,287.75,287.75,287.75,463
2024-11-29,287.75,287.75,287.75,287.75,149
2024-12-02,290.5,296.75,290.5,296.75,658
2024-12-03,294.5,300,294.5,300,63
2024-12-04,297.75,297.75,297.75,297.75,20
2024-12-05,295.75,295.75,295.75,295.75,31
2024-12-06,293.5,293.5,291.5,291.5,251
2024-12-09,288.75,288.75,288.75,288.75,193
2024-12-10,284,284,284,284,1269
2024-12-11,282,282,282,282,135
2024-12-12,282.5,282.5,282.5,282.5,1133
2024-12-13,282.5,282.5,282.5,282.5,1170
2024-12-16,284,284,284,284,359
2024-12-17,280.5,280.5,280.5,280.5,572
2024-12-18,277.25,277.25,277.25,277.25,366
2024-12-19,281,281,281,281,945
2024-12-20,280.5,280.5,280.5,280.5,4151
2024-12-23,281,286.75,281,286.75,5654
2024-12-24,286.75,286.75,286.75,286.75,0
2024-12-27,285.25,285.25,285.25,285.25,1948
2024-12-30,286.25,286.25,286.25,286.25,7316
2024-12-31,286.25,286.25,286.25,286.25,0
2025-01-02,288.75,288.75,288.75,288.75,433
2025-01-03,289.25,289.25,289.25,289.25,46
2025-01-06,293,293,287.25,287.25,1579
2025-01-07,288.75,288.75,288.75,288.75,221
2025-01-08,291.5,291.5,291.5,291.5,83
2025-01-09,292.5,292.5,292.5,292.5,117
2025-01-10,295.75,295.75,295.75,295.75,259
2025-01-13,295.25,295.25,283,283,123
2025-01-14,283,288.75,283,288.75,1935
2025-01-15,288.75,288.75,288.75,288.75,537
2025-01-16,297.25,297.25,291.5,291.5,149
2025-01-17,300,300,294.5,294.5,296
2025-01-20,296.25,296.25,296.25,296.25,5417
2025-01-21,307.25,307.25,306.75,306.75,7301
2025-01-22,308.75,314.5,308.75,314.5,3103
2025-01-23,316.25,316.25,316.25,316.25,5993
2025-01-24,320,325.75,320,325.75,14419
2025-01-27,323,323,323,323,890
2025-01-28,320.5,320.5,320.5,320.5,163
2025-01-29,326.25,326.25,326.25,326.25,1536
2025-01-30,328.25,328.25,327.75,327.75,7356
2025-01-31,332.5,332.5,332.5,332.5,1347
2025-02-03,327.75,327.75,327.75,327.75,1745
2025-02-04,325.25,325.25,325.25,325.25,1146
2025-02-05,326.25,326.25,326.25,326.25,207
2025-02-06,318.75,318.75,318.75,318.75,1834
2025-02-07,316.25,316.25,316.25,316.25,2121
2025-02-10,322.5,322.5,318.25,318.25,191
2025-02-11,314.5,314.5,314.5,314.5,11764
2025-02-12,316.25,316.25,316.25,316.25,10
2025-02-13,320,320,320,320,1508
2025-02-14,315.75,315.75,315.75,315.75,15714
2025-02-17,310.5,310.5,310.5,310.5,19822
2025-02-18,313,313,313,313,546
2025-02-19,312,312,312,312,1989
2025-02-20,310.5,310.5,310.5,310.5,2835
2025-02-21,310,310,310,310,2368
2025-02-24,310,310,310,310,1117
2025-02-25,309.25,309.25,306.75,306.75,16290
2025-02-26,305.75,311.5,305.75,311.5,1476
2025-02-27,310.5,310.5,310.5,310.5,991
2025-02-28,312.5,312.5,312.5,312.5,7355
2025-03-03,317.75,317.75,317.75,317.75,530
2025-03-04,321,321,315.25,315.25,1759
2025-03-05,315.25,315.25,315.25,315.25,6296
2025-03-06,315.25,315.25,308.75,308.75,7581
2025-03-07,308.75,308.75,308.75,308.75,457
2025-03-10,312,312,306.25,306.25,23555
2025-03-11,307.75,307.75,307.75,307.75,5841
2025-03-12,307,307,304.5,304.5,2085
2025-03-13,318.5,318.5,316,316,4413
2025-03-14,320,325.5,320,324,3938
2025-03-17,325,326,325,326,3750
2025-03-18,327.5,327.5,321,322,9309
2025-03-19,324,332.5,324,328.25,2140
2025-03-20,326.5,329.5,326.5,328.25,689
2025-03-21,330.5,331,330,330,8468
2025-03-24,334,336.5,334,336,5432
2025-03-25,339,340,337,340,10765
2025-03-26,344.5,344.5,344,344,4671
2025-03-27,343.5,346,343.5,346,1752
2025-03-28,345.5,346,343,344,7832
2025-03-31,343.5,343.5,340.5,343.5,827
2025-04-01,343,345.5,342.5,343,821
2025-04-02,339.5,341,339.5,341,591
2025-04-03,335,341.5,335,335.25,2280
2025-04-04,331,331.5,319,321,10640
2025-04-07,300,308.5,298,305.5,13465
2025-04-08,311.5,315.25,308.5,315.25,3654
2025-04-09,309,311.5,308,310.5,7122
2025-04-10,324,329.5,324,326.25,5097
2025-04-11,321.5,323,320,323,5880
2025-04-14,332.5,332.5,329.5,329.5,8938
2025-04-15,335.5,335.5,334,334,2415
2025-04-16,331,331,328.5,330.5,1246
2025-04-22,330,336,328.5,335,2024
2025-04-23,339.5,347,339.5,346.5,2816
2025-04-24,358,362,352.5,352.5,7325
2025-04-25,369,369,359.75,366,3292
2025-04-28,363.5,368.5,363.5,368.5,1301
2025-04-29,361.5,363.5,361.5,362,671
2025-04-30,365.5,365.5,363,363.5,2095
2025-05-02,371,375.5,371,375,1024
2025-05-05,376,379.5,373.5,373.5,1525
2025-05-06,377,379,374.5,377.75,17010
2025-05-07,378,379.5,378,379.5,1139
2025-05-08,384,388.5,380,388.5,4079
2025-05-09,386,389,386,389,404
2025-05-12,389.5,390,377.5,383.5,2275
2025-05-13,387,389.5,382.5,387.5,998
2025-05-14,390.5,392.5,390,390.5,593
2025-05-15,395,402,395,402,3247
2025-05-16,404.75,408.5,404,406.5,4264
2025-05-19,406.5,407,402.5,406,2179
2025-05-20,406.5,409,406.5,407,1258
2025-05-21,408,413.5,406.5,412.5,1479
2025-05-22,412,412,405.25,406,2969
2025-05-23,402.5,405.5,402,405.5,1587
2025-05-26,411.5,416,408.5,414.5,4842
2025-05-27,411.5,411.5,408.5,408.5,1427
2025-05-28,407.25,408,404.5,405,1479
2025-05-30,399.75,407.25,399.75,404.5,3967
2025-06-02,405,413,405,412,1055
2025-06-03,409.75,409.75,399.75,403.5,4782
2025-06-04,408,408,404.5,406,1313
2025-06-05,404,407,402,407,2435
2025-06-06,409.5,409.5,407.5,407.5,1304
2025-06-10,405.5,408,405.5,408,421
2025-06-11,405,406,403.75,405.5,3903
2025-06-12,406.5,406.5,401,405,2987
2025-06-13,400,404.5,400,404.5,2456
2025-06-16,406,406.5,403,406.5,975
2025-06-17,402,404,402,404,851
2025-06-18,406,409,404,404,6926
2025-06-19,402.5,407,400,406.5,939
2025-06-20,408.5,416.5,408.5,416,3254
2025-06-23,417.5,419.25,417,417.5,3921
2025-06-24,423.5,426,423.5,426,779
2025-06-25,426,429.5,426,429.5,420
2025-06-26,429.5,431.5,429.5,430,1220
2025-06-27,426.75,430.5,426.75,428,473
2025-06-30,429,429.5,424,429,4349
2025-07-01,428.5,431,426.5,426.5,19490
2025-07-02,423,432.5,423,428,3059
2025-07-03,433,440,433,440,1140
2025-07-04,443,449.5,443,449.5,304
2025-07-07,453.75,455.5,444.5,444.5,1439
2025-07-08,450.5,458.5,447,458.5,2554
2025-07-09,460,467,460,462,8183
2025-07-10,462.5,465,459.5,463,12248
2025-07-11,489,513,489,511.5,14818
2025-07-14,505,518,505,518,16386
2025-07-15,523,523,512,513,15852
2025-07-16,512.5,524,512.5,520,34282
2025-07-17,520,524.5,517.5,520,13366
2025-07-18,519,519,514.5,517,2817
2025-07-21,518,518,511,514,3003
2025-07-22,508,519,508,516,3596
2025-07-23,520,522,516,518,13872
2025-07-24,522,523,517,518,46501
2025-07-25,520,522,517,519,1484
2025-07-28,517,518,506,507,3615
2025-07-29,508.5,513.5,508,509,3463
2025-07-30,512,512.5,502,504,22083
2025-07-31,513,515.5,506.5,507.5,3276
2025-08-01,504,506.5,499.25,500,3038
2025-08-04,505,508,505,506,13120
2025-08-05,495,502,495,498.5,11657
2025-08-06,495,495,485,493.5,24187
2025-08-07,498,498.5,492.5,497,3944
2025-08-08,491.5,492,487.5,492,2733
2025-08-11,487,492,484,491,4446
2025-08-12,494,499,494,495.5,640
2025-08-13,497,497,492,492.5,4409
2025-08-14,496.5,501,495,496,2188
2025-08-15,487,495,487,494.5,870
2025-08-18,498,502,497,502,1959
2025-08-19,507,507,500.5,501,3638
2025-08-20,501,502,497,499.5,6425
2025-08-21,500.75,507,500.75,506,9369
2025-08-22,506,508,502,502,6587
2025-08-25,498,501,498,498.5,8729
2025-08-26,497,497,493,495,520
2025-08-27,489,490,487,487.5,993
2025-08-28,489.5,490,486,489,785
2025-08-29,488.5,490,484.5,486.5,1563
2025-09-01,485,485,478,478.5,404
2025-09-02,477,477,467,470,1595
2025-09-03,467,467,453,455.5,3090
2025-09-04,453.5,466,453.5,464,2682
2025-09-05,464,465.5,461,463,956
2025-09-08,465,470.75,465,470.5,2205
2025-09-09,474,475,467,470.5,2160
2025-09-10,471,473,469.5,472,762
2025-09-11,477.5,479,469,469,892
2025-09-12,472.5,472.5,471,472,1473
2025-09-15,470.5,480,470.5,479.5,1492
2025-09-16,476.5,482.5,475.75,482.5,1987
2025-09-17,479,488,479,487,2825
2025-09-18,490,491,478.25,482.75,33372
2025-09-19,485,493,485,493,4916
2025-09-22,490,490,476,478,13934
2025-09-23,479.5,483.5,479.5,483.5,1351
2025-09-24,478.5,483.25,478.5,480,8161
2025-09-25,478,485.5,478,485.5,5492
2025-09-26,476.5,481,475.5,481,671
2025-09-29,490,490.5,487.5,487.5,217
2025-09-30,494,494.75,490,491,773
2025-10-01,491,492,491,492,2174
2025-10-02,486,486,478.5,478.5,330
2025-10-03,484,486.5,483.5,485,2001
2025-10-06,486,491,486,491,3174
2025-10-07,491,493,490.5,491,2569
2025-10-08,471,478.5,469.75,478,4436
2025-10-09,478.5,486,478.5,484.5,824
2025-10-10,486,489,480.5,489,1802
2025-10-13,480,482.5,478.25,479.5,1394
2025-10-14,479.5,483,474.5,483,3803
2025-10-15,482,482,477.5,477.5,2523
2025-10-16,476,476.75,473.5,473.5,2394
2025-10-17,467.5,473.5,464.5,473.5,1368
2025-10-20,481,482,475.5,475.5,2120
2025-10-21,495,497.5,493,495,4974
2025-10-22,492,502,490,502,2782
2025-10-23,478,478,460,473,28013
2025-10-24,474,474,461,463,13710
2025-10-27,467.5,472.5,461.5,472.5,14153
2025-10-28,467.5,467.5,462.5,463,4527
2025-10-29,459.5,462.5,456,456,9761
2025-10-30,460,466.5,460,461.5,26657
2025-10-31,464,465.5,456,456.5,3525
2025-11-03,457.5,462,456,461.5,13243
2025-11-04,456,456.5,449.5,451,16745
2025-11-05,448.5,450.5,445.75,450.25,25753
2025-11-06,446.5,449.5,444.5,446.5,1611
2025-11-07,445.5,445.5,437,439.75,50134
2025-11-10,441.5,444.25,440,443.5,43133
2025-11-11,446.5,458.5,446.5,458.5,13623
2025-11-12,464,464,457,457,11133
2025-11-13,460.5,463.25,460.5,461.5,709
2025-11-14,450,454.5,449.5,454.5,2447
2025-11-17,451,453.5,450.5,453,511
2025-11-18,447.5,449.5,445.5,447.5,8774
2025-11-19,451,461,450.5,461,5540
2025-11-20,467.5,475,467.5,475,1807
2025-11-21,468,472.5,468,471.5,2949
2025-11-24,470.5,477,470.5,477,18962
2025-11-25,474,474,472.5,474,1184
2025-11-26,481.75,489,481.75,487.5,2665
2025-11-27,488,488.5,485,487,5608
2025-11-28,488.5,488.5,479.5,484.5,3480
2025-12-01,481,498.5,481,491.75,4475
2025-12-02,499.5,511,499.5,504.25,29450
2025-12-03,512,512,490.5,490.5,16714
2025-12-04,492.5,493,485.25,492.5,500
2025-12-05,486.75,486.75,480,486.75,11922
2025-12-08,483,491.5,481.5,491.5,2684
2025-12-09,493.5,508,493.5,503.25,7844
2025-12-10,498.5,502,496,498.5,1663
2025-12-11,505,507,501.5,505,5254
2025-12-12,508,509,501,508,1378
2025-12-15,501.25,514,501.25,510.5,6839
2025-12-16,513.5,517,513,513.5,3862
2025-12-17,515.25,521,515,515.25,470
2025-12-18,515.25,517,514,515.25,1206
2025-12-19,515.5,521,515,515.5,11089
2025-12-22,521,525,520,521,3164
2025-12-23,522.25,529,520,522.25,25482
2025-12-24,522.25,522.25,522.25,522.25,0
2025-12-29,528,529,515,517.25,5416
2025-12-30,519.25,524,518,519.25,223
2025-12-31,519.25,519.25,519.25,519.25,0
2026-01-02,531.5,531.5,519,521.25,4190
2026-01-05,522.25,522.25,508,511.75,2391
2026-01-06,521,521.5,517.25,517.25,6127
2026-01-07,521,526,519,524,2358
2026-01-08,523,529,522,523,4331
2026-01-09,524.25,524.25,517,524.25,2251
2026-01-12,516.25,519,513,516.25,2686
2026-01-13,518.25,534,518.25,528,1309
2026-01-14,531.5,533,516.586,521,4011
2026-01-15,527,540,526,538.5,3778
2026-01-16,534.5,539,533,534.5,7026
2026-01-19,528,536,526,526,17150
2026-01-20,534.5,534.5,529,534.5,13242
2026-01-21,545,553,540,546,33350
2026-01-22,552.5,556.5,551,552.5,1771
2026-01-23,551.5,553,544,551.5,728
2026-01-26,546,546,541.5,546,1156
2026-01-27,543,546,537,543,8904
2026-01-28,541,541,534,541,28680
2026-01-29,550.5,550.5,527,534.5,2674
2026-01-30,524,533,517,523,3947
2026-02-02,519.25,536,517.5,530.5,41469
2026-02-03,566,566,524,530.5,1575
2026-02-04,524,524,519,524,2703
2026-02-05,517.5,518,515,517.5,1465
2026-02-06,518,521.25,517.533,521.25,12122
